sigma_rot_deg,sigma_trans_mm,trial,mean_cm,median_cm,p95_cm,max_cm,drx_rad,dry_rad,drz_rad,dtx_m,dty_m,dtz_m,Nose_mean_cm,L_Eye_mean_cm,R_Eye_mean_cm,L_Ear_mean_cm,R_Ear_mean_cm,L_Shoulder_mean_cm,R_Shoulder_mean_cm,L_Elbow_mean_cm,R_Elbow_mean_cm,L_Wrist_mean_cm,R_Wrist_mean_cm,L_Hip_mean_cm,R_Hip_mean_cm,L_Knee_mean_cm,R_Knee_mean_cm,L_Ankle_mean_cm,R_Ankle_mean_cm
0.1,1,0,0.3740190349646185,0.369478133456428,0.43708878094692083,0.45541562751333414,0.0005318316328776981,-0.0018151146822307155,0.0013097844242351343,0.0009405647163912139,-0.0019510351886538365,-0.001302179506862318,0.34507977092802994,0.3414864949523383,0.34351492913222503,0.3381869792650234,0.3429916232856079,0.3494576043956824,0.3567937796347028,0.36328596792021817,0.37327486260863213,0.37713170945942637,0.38468726791377755,0.38529514843858015,0.3895178703607446,0.40660963949203943,0.4111101296499795,0.42323692380828837,0.4266628931532181
0.1,1,1,0.17035868419389896,0.1673273695281405,0.17954469559678723,0.18665894279985387,0.0002231235952346117,-0.000551947447143772,-2.9323551659599282e-05,-0.0008530439275735801,0.0008793979748628286,0.0007777919354289483,0.1698725289741286,0.16975827317475173,0.16955632080612718,0.16995992552240266,0.1696290772757683,0.17135630865004287,0.17064366025220298,0.17230889665483046,0.17103338620517788,0.17193422982270057,0.1705898339274533,0.17176600297189903,0.17142166782628243,0.1703417518007462,0.1701545032963556,0.16772711371766655,0.16804415041774598
0.1,1,2,0.40415056825230167,0.4055956368216852,0.4536626792232874,0.4690887512750165,0.000115245307983181,0.001967407052574702,0.0008159577306131238,-0.0008592924628832382,0.00036875078408249884,-0.000958882600828999,0.42147055431696195,0.4223597432039215,0.4226147285075566,0.42340131984617885,0.4252243751631763,0.41685468403852627,0.4232145894430479,0.4069913701218569,0.4158764586774834,0.3969405756402669,0.407788079526991,0.3978277099954635,0.4023778125442064,0.3790413107113951,0.3836927326108788,0.35931511398380894,0.36556850195740803
0.1,1,3,0.17487325461925074,0.17593950939097458,0.19808766517887716,0.20828533818487713,0.0015331850072948154,-8.713715287677225e-05,-0.00032264569068835345,-0.0006809295444039413,0.0012225413386740302,-0.00015452948206880215,0.17087165309077235,0.17022364015913155,0.17168089943677425,0.16992452159980465,0.17492262377949475,0.16729058918968734,0.17963406176596242,0.16398132800449938,0.1818531593000145,0.16295077355274137,0.18097763392004204,0.17188808107440873,0.17963612631914672,0.17513540406587433,0.1828283493526108,0.18094183786842688,0.18810464604787072
0.1,1,4,0.18546107044282428,0.1850015546541725,0.22772523892904323,0.24500274703588426,-0.0007475730774642961,-0.0006145889862757293,0.0009290547926515369,0.00036544406436407834,0.0004127326115959884,0.00043082100300788275,0.1710792096699553,0.16987734705229876,0.17046599154775627,0.17046393531967888,0.1731673919313667,0.1749621863731756,0.18150116906425529,0.17933977546775257,0.18751666704395084,0.18219310036270048,0.1893357123786795,0.1891865563640309,0.19272635215471795,0.1987823329671616,0.2020163054182505,0.20886476966923465,0.21135939474304735
0.1,1,5,0.5298231428173311,0.5348835339647021,0.583115957230299,0.6259735822248256,0.0037378802052626925,-0.0007093280165458243,-0.0008940322191699603,-0.0008137727282478777,0.0006159794225754957,0.0011289722927208916,0.5158858290911031,0.51403115843507,0.5171858950940303,0.51385213294945,0.5252215103214906,0.5107225808130555,0.5389293356490588,0.5055716955530093,0.54579681850879,0.5034891640099104,0.543873636204427,0.5255871772157625,0.5433451301983468,0.5348712782756183,0.5525896072696089,0.5496689267068577,0.5663715515990404
0.1,1,6,0.29382593548828906,0.30083463452714176,0.348095362419853,0.3599380223564884,-0.00019887583103543865,-0.0014663496754952002,-0.0014389911834657666,0.0006505927878247011,0.0007432541712034423,0.000543154268305195,0.32556178455980295,0.32781782078912886,0.3278775832165585,0.3292240543929327,0.33021911833677614,0.3159837754880616,0.3213552600473567,0.29885424296138524,0.30688119238133443,0.2835620532579523,0.2947372363885682,0.28119083802796757,0.28520632093435483,0.2529708798591529,0.25686622277809446,0.2255489044780358,0.23118361540345042
0.1,1,7,0.20474148623045813,0.20565582396141746,0.22226739493740452,0.22996156049998137,-0.001161533559617142,0.0004051979483300519,0.0002036551559859403,0.00021868859672901294,0.0008714287779481899,0.00022359554877468226,0.20159399519561688,0.20099228210577544,0.20207559669889857,0.2006351414203727,0.2042481506997685,0.19929723295601703,0.20804487948020514,0.19739523372697296,0.21006204444992496,0.19684035913526138,0.2096289365903585,0.2032199678511466,0.20877994713888134,0.2051508061726801,0.2107759355258654,0.20821238079202506,0.2136523759780179
0.1,1,8,0.17449367140214397,0.17845722194037977,0.21680402508821936,0.22405948180303326,0.0011849277012050755,0.00011794772680151975,0.0005046085438526404,0.0006312882258385404,-0.0014571558198556666,-0.0003196712163573013,0.1774264513982806,0.17721713805075182,0.17875063204650776,0.17572884655755128,0.18024833383728636,0.1697054865858513,0.18022230997236507,0.16402382741112775,0.1803234807426473,0.16383405241147547,0.18065982685235088,0.16848824551320948,0.1753916344404441,0.16893581421123635,0.17591781213182855,0.17161083495752139,0.17790768671601262
0.1,1,9,0.1926332662824996,0.193196574807558,0.22777777412342526,0.2352589279589073,-0.0008209551528754322,-0.0011150521969902987,-0.00048021381952550383,0.001494941311234396,-0.0008658311156932432,0.0009682783545914808,0.20608874722666004,0.20681943569322492,0.20732047573553042,0.20746857133867397,0.20989498372356263,0.20072333649157667,0.2081316347078627,0.19178660302422365,0.20235517929107072,0.18438659114476844,0.19658715616495004,0.18580145836716938,0.1908480372606893,0.17267440006554008,0.1776619127337476,0.16029184389194823,0.16592515994129411
0.1,1,10,0.3992383595406168,0.39007901275814116,0.45912835236619054,0.4806284804788742,-0.002937161839698081,-0.0005844846388891711,0.00028405768537950385,0.0005862223313592782,0.000711226579792855,0.0007933472351999252,0.39505176889356114,0.39382396403493514,0.39706762504592275,0.3926808454008679,0.4037260356111929,0.3849891963670175,0.41191864340615625,0.3760555899218718,0.4154212278765128,0.373974092203315,0.41392777572118844,0.3908268517526343,0.40774321403990654,0.39492586730086277,0.4116238952146226,0.4039858331227651,0.4193096862771535
0.1,1,11,0.2116437105822075,0.21187561943732297,0.2663037160363006,0.27339541378177323,-0.000608640069499034,-0.0008069561084494863,0.001497450403063724,-0.0001913043248816149,-0.0012756863233379218,-0.0011332872140034807,0.18214923862948804,0.17934941412926336,0.1804178556049882,0.17819443488883938,0.18083101601286833,0.18996631484463358,0.19389551925883594,0.20386214765260313,0.20830335974920638,0.2157513729874571,0.21778083227740733,0.22235610701739156,0.22402901284398663,0.24467761085024925,0.24630116132184948,0.26490889525523764,0.2651687865732217
0.1,1,12,0.30383240764044805,0.3050579486390875,0.3237934193379416,0.33350551571483866,-0.0016047469705716686,0.0008677091895403004,0.00024857980340078147,0.0006904853540677683,-0.00042725264633653424,0.00015853969107671424,0.29952792976005677,0.2986675740433765,0.29988196453819865,0.29805046639156707,0.30196289243887786,0.29759889624730296,0.3068069307511975,0.2965204810088057,0.30975986210838746,0.2963362284217897,0.3095559055383126,0.3033226737836093,0.30923726941414786,0.30526126074967114,0.31140143378879276,0.30748718237317163,0.3137719785303507
0.1,1,13,0.2015726282650109,0.2074666485703649,0.250426668062223,0.2620567153149211,0.0010918612143578498,-0.0005399115647769579,0.0007972231836956091,-0.0006619259410666513,-0.0003630538465650718,-0.0003817378939983291,0.1836492662586651,0.1815388788361814,0.1830026319907578,0.17902411516249012,0.18257223603792264,0.18447013518599814,0.1899559503398867,0.19243729895319528,0.19995472271647977,0.20200874607404895,0.2075933350441253,0.20745014488852206,0.21035212326108738,0.22282217093631893,0.2257473422801673,0.23612043497300844,0.23803514756633018
0.1,1,14,0.3217876912612917,0.3257146241762532,0.3928230123830901,0.40857357432213737,-0.002087133914141083,0.0008499273156313225,-0.0008192616353104079,1.249411872768743e-05,0.00048074665890590894,0.0004465311760299441,0.30117091887659964,0.2984407269660365,0.3012076965821563,0.2951109414955251,0.3027724943906577,0.29826901020371555,0.3132479234667457,0.303941045804098,0.32517755492610784,0.3137817464476859,0.33297257456182855,0.3255498310737735,0.3342694644814812,0.3436145535497732,0.35223144245037374,0.36076136868973,0.36787145747566974
0.1,1,15,0.21788349740630272,0.21909017884843904,0.24649102610243961,0.27294558696617377,0.0011613160945316385,-0.00017188959701113144,-0.0007387949263304852,-7.971821090639905e-05,-0.0016873344339580299,-0.0014471124724230874,0.21861942348661118,0.21861132113946974,0.21949647922493826,0.21938303217485644,0.22301064031218107,0.2157972064047278,0.22596071348224986,0.21057545968780791,0.22510564550928797,0.20626590409527026,0.22144153503167166,0.2138484770927504,0.22028780182057509,0.21249173411951797,0.21875905293312026,0.21414261506176976,0.22022241433034073
0.1,1,16,0.5191031413661573,0.5217018741098451,0.549864705171825,0.5640240613227183,-0.002308546325043699,-0.0017405240596714124,0.0006977376520938271,-0.0009054790553600608,-0.0003781625540393897,0.0012992282977860655,0.5130625584663104,0.5118293186634314,0.5133963687160694,0.5116111184571549,0.5176898430021829,0.5111605512491368,0.5260313408071583,0.5093978375350628,0.5302736133760686,0.5090922532670409,0.5298608782983107,0.5177197474436105,0.5269974695496275,0.5188924814857977,0.5282432590021802,0.5201285884180032,0.5293661754875268
0.1,1,17,0.3047873488201038,0.30023153555435794,0.3705208202891049,0.38767064523565714,-0.000621797930125168,0.001287207495446833,-0.00162947024710032,-0.00020543755786763,-0.0009500220549105812,-0.0003390330759005625,0.26620187270474926,0.262413906112067,0.2635038796595205,0.2603864003922929,0.26298705879339107,0.27737528739907363,0.27960848968146756,0.29725745104846474,0.2986750181330323,0.3132488443984787,0.31138196370963533,0.32122290026080685,0.3218692022958593,0.3493906330114063,0.3500732095230761,0.37322028433342663,0.3725685284850167
0.1,1,18,0.6839055346744024,0.6863160200234821,0.7442749085712205,0.7564073629872831,0.0014666143729932645,-0.003014742862164831,0.0007582122928385424,0.0002377356023322779,-0.0005941499556967945,-0.0014460578543884547,0.6622242119724808,0.6587298874258352,0.661204904708957,0.6552833616885398,0.6617385524425655,0.6636813864962872,0.6754419487597123,0.6731316535294635,0.689663770167834,0.6829970979556477,0.6977653486165791,0.692722648258806,0.7000414022215964,0.705586562765098,0.7134302220209321,0.7124846994251243,0.720266431009383
0.1,1,19,0.20895176355044445,0.20803168016959717,0.22571763847133397,0.22825774429102227,0.00012588973974496712,-0.0009241391138467774,0.00040609659792058,2.185214552344288e-05,0.0016017788913209154,-0.0002393556274730243,0.19955499327500614,0.1983428194979871,0.19894005346570873,0.19751474324113671,0.19914907214604727,0.2016746672708298,0.20437724046725642,0.20623016210561093,0.20964706863713,0.2100367713070809,0.21258526048717313,0.21314851392055245,0.21463336712571057,0.2189615992457752,0.22046512393468334,0.22279307723420252,0.22412544699566417
0.1,1,20,0.2922225317246709,0.2919801481946197,0.3173834403954635,0.32838898327315996,-0.0017863401132157915,0.00031289500985911574,0.00038396664787767383,0.0013591875752404366,0.0008351112459145786,0.0003568710591495093,0.2889945098383774,0.2883208301189029,0.28981389036662775,0.28797682497218124,0.29301946644429805,0.2853156975863335,0.2978453537013464,0.28173853194829557,0.30006252727826604,0.2802913590207632,0.29896152588970426,0.2891645584406503,0.2972104113040261,0.2911738515437363,0.29938002277635123,0.29525112026212863,0.3032625578274166
0.1,1,21,0.6191964793522736,0.6243362864574764,0.6528757288925856,0.6945746509796056,0.002553945340573378,-0.002074782932399796,-0.001116577064116343,-0.0009265759414055249,-0.000389809803155768,-0.0013766861475563088,0.6269863996077372,0.6267047566083258,0.6285555970657701,0.626477926069007,0.6325847076981613,0.620010778976277,0.6359879209685856,0.6105492487162516,0.6340810829396876,0.6029530100423065,0.6280591726085752,0.6127903824488677,0.6235235524982975,0.6028374917137729,0.6140913512176748,0.5938088561850077,0.6063379136243452
0.1,1,22,0.263087397172672,0.23180079887025912,0.3880133271061059,0.4361114537749333,0.0011085475269070745,-0.00038785177370356463,-0.0025670412498128756,-0.0010155790812075415,0.00031351384745019527,0.0008381265678943812,0.28097585720260676,0.28403363390010195,0.2829877587200512,0.2892701673508386,0.2887476284063991,0.2780448958384842,0.2836778295090098,0.261622709123417,0.2694831571042632,0.24257224819535794,0.2537278576723323,0.24912940764112915,0.2537635769579778,0.2358204992597162,0.24035724166887132,0.23677730278824446,0.24149398059662347
0.1,1,23,1.1388795181337321,1.1406342551653603,1.2455591568022937,1.271212847960284,0.0034849528336303964,0.005085649398210925,0.0007232809061989888,-0.000989538120031864,-0.002132046280731309,0.0002677114623438358,1.167612372656888,1.1674058841289272,1.1712247878211275,1.1651986274270216,1.1777704603029784,1.1476062674057046,1.1788587328100777,1.1254466716412943,1.1717011746862382,1.1128034996618812,1.1623530443189378,1.1215627281860006,1.1422600358633928,1.0920587710977394,1.11320318294852,1.060589013142676,1.0832965541740425
0.1,1,24,0.2254124385539919,0.22836736809588787,0.29121301279147854,0.29968816862832026,-0.0014188498737934222,-0.0007249351762198243,-0.0010683104484511784,-0.00014079088641638527,0.0010659802307876436,0.00015704856744534464,0.2458888292571221,0.2470137164172811,0.2484644192509332,0.24574494338463057,0.2500224896817335,0.2321396403561899,0.24339344758368456,0.21775195269302183,0.2359396760668347,0.21129187630409005,0.23183606069526755,0.21152261727106947,0.21960992751781178,0.19828121830956563,0.2068062089896895,0.18885232460005694,0.19745210703887936
0.1,1,25,0.43749078605374125,0.452316515462439,0.56089803538146,0.5891276338375506,-0.00027687002146897625,-0.001807556789744594,-0.0029228731312085166,-0.0004863079090733309,-5.3782550818320494e-05,0.001767929913579883,0.4992696608175364,0.5045014552519554,0.5033142471353746,0.508728426339902,0.5070021666242902,0.4844701093792063,0.48715536220434036,0.4526614179744222,0.45690278579189797,0.4218369758357485,0.4322749640914643,0.41390830835472386,0.4168357901369094,0.36009547897230465,0.362769084069169,0.3097130663604162,0.3159040635739393
0.1,1,26,0.35062517827401457,0.35459745294071143,0.39714710513025314,0.4130210059501243,0.0002273719331161911,0.0017152040156791463,-0.0008714352135223994,-0.0011849437664170246,-0.0009651167622323719,-0.0007252260645357532,0.3319524658166957,0.3297917557877561,0.33072883418980126,0.3292895724908152,0.33265433210564443,0.3372879727313248,0.3440135497507182,0.34525773397381293,0.3535032282412635,0.3507312336760976,0.3575887916065991,0.3581409574797315,0.3619653712959757,0.368674750287558,0.37242242960314026,0.3766242360260999,0.38000081559521404
0.1,1,27,0.562075223987792,0.5730893586511878,0.6776012362208117,0.7074892574945724,0.0037148804860036365,-0.0014335901984488043,0.0014634397347624759,-0.0009029271780870264,0.0009315730128742441,0.0003849509661058632,0.5197669214465579,0.5146504544534658,0.5189089205904095,0.5092276962858653,0.5210896745627354,0.5193391877481256,0.5415510030689893,0.5341167944686009,0.564695381610657,0.5533784093973664,0.5796811615506862,0.5730151255389315,0.5856133082560067,0.6081798691502924,0.6206130155597321,0.6407581543422752,0.6506937297617669
0.1,1,28,0.055357855312001124,0.05172839213126486,0.10912724749634425,0.12480400811962136,-0.00027338470475355927,-7.114402924935638e-05,-0.001142820118678869,0.0004460722014820806,-0.00045498348034078,-0.0012256057637672483,0.04116865688608556,0.04144205779825612,0.0417378027991054,0.04105003879206509,0.04098948728804775,0.04077195827327125,0.039364827846926805,0.049387798589506426,0.04472423877742604,0.05814469148437717,0.051568076859004316,0.05913488018013457,0.05665076562460022,0.0768149309751591,0.07392601078440722,0.09409666715527473,0.09011065019037134
0.1,1,29,0.37905692233866817,0.34194406020347906,0.5086435386233924,0.5815040279651236,-0.002230421830682709,0.0003012227413412057,0.0027560341613816104,0.00015999161357343824,-0.00011863832610988257,0.0002858261396025429,0.37587802851156793,0.3768323538380502,0.3773908933067261,0.3815599348914254,0.38671989370303234,0.37523522575223395,0.3936215070353373,0.3646937372922192,0.38980531170845834,0.35245555211330465,0.3789011410305107,0.3703012885247583,0.38190316355694154,0.37256522408406306,0.383318177153694,0.38661294474849833,0.39617330250653693
0.1,1,30,0.31475152659868244,0.3169460668709913,0.3602421159257004,0.37493844684614297,0.002279403042956464,0.0003828946970060244,-0.0007172033164151477,0.001106288710059889,0.0004287564384616135,0.001535755991995992,0.30098682677004884,0.299246513225686,0.30170616269505734,0.29841686168844084,0.3066135935953569,0.29758512100853785,0.3169470040809539,0.2965276430742928,0.3240879759401535,0.29894664245833247,0.3258175404172233,0.3130130272856373,0.3246619062257193,0.32415242539673256,0.3354714569123245,0.33838883877340636,0.34820641262969604
0.1,1,31,0.3966768739905357,0.40487192134109395,0.48614224079215296,0.5143960424972442,0.0003198044232561114,-0.0021371016192229617,-0.0023878882718285973,0.0016509279322312496,0.001723665720783297,-0.00017951921328260065,0.44413140962574593,0.4475348898999394,0.4479047335503264,0.4498054394010097,0.45201699225251163,0.42904794908379007,0.43905153277562886,0.4021078556535611,0.41683908233175065,0.3779405320135359,0.39745521036832104,0.37690072754099524,0.3839838508884637,0.3352432717863958,0.34194301456569487,0.29621508942709984,0.30538527667433646
0.1,1,32,0.5585686205240252,0.5527407666094801,0.6411844714613637,0.6489862171232452,-0.0006687880405719845,0.002550701473410465,-0.0019321592121645133,-0.0008947270189558264,0.0006433267946890444,-0.0003946051228595896,0.5126547374747932,0.5076190616758476,0.5095035231211802,0.5046705782831467,0.5096809806829277,0.5248142297052077,0.5318274607529516,0.5477177606954399,0.5557800772774697,0.5664773596586749,0.5707538078387902,0.578097072124217,0.5817981127519056,0.6094870788692688,0.6134397787099538,0.6343166154084684,0.6370283138781856
0.1,1,33,0.03277413418863647,0.0236814125455476,0.06936298717942602,0.07755402589251584,-8.939343811356685e-06,-0.00028526167182557264,0.0005891787347475661,0.0014074818613137169,9.058490690174555e-05,0.0006439387932768579,0.03166654079168096,0.03257972536589591,0.03200391611569376,0.033777766823575174,0.0320451553415237,0.03196985068552854,0.029644245837954292,0.029887758298278114,0.027969619453707233,0.02768532175904755,0.0274301750695998,0.02962119723714484,0.030087884432944953,0.03567693946391665,0.0366313258484127,0.04407452897094063,0.044408329710975185
0.1,1,34,0.36856076336497584,0.37787741265885083,0.49372985336595016,0.5129873704399424,-0.0035782253395521177,-8.502965199905186e-05,-0.0014717144569092332,-0.0012188130604236281,-0.0008781523669287508,-0.0003341234407008121,0.36433780802529203,0.362910880569296,0.36788064543126503,0.3579205931808699,0.37232801980703256,0.3432033457242653,0.3758905745308172,0.3315807136751612,0.3813792877004012,0.3369623511928988,0.38651017096646956,0.3543707742238556,0.3748941891355329,0.3689971894688628,0.3889668446205653,0.3904294361044533,0.4069701528475507
0.1,1,35,0.5990803181836908,0.5998125193298929,0.6275529623727268,0.6554311868864362,0.001598551499149925,-0.002314992009903119,5.3462040057284445e-05,-0.0004841694333335785,-0.00032767309436196085,0.0010027578253046041,0.587851112321491,0.5860424765806242,0.5870878687490755,0.5852677773983769,0.5888879182112773,0.5905580113320705,0.5983151550667186,0.5949077988034382,0.6052996474485954,0.5970916693493116,0.6069203672339376,0.6042661057057706,0.609408322327196,0.6075844051016752,0.6132345623883212,0.6075957574232914,0.6140464536815711
0.1,1,36,0.49457423086416485,0.4963885642758914,0.5226883988805086,0.5356335995726995,0.000939188613152664,0.002334200038481676,-0.0002696632815941046,-0.0006959426116707031,-0.00022385881688049953,0.0002424967912712216,0.49275537502455546,0.49151295252894783,0.4930069436937958,0.49042123664440623,0.49522120604679526,0.4902780631026944,0.5011545063990289,0.48902724372120177,0.5044291753659654,0.48901445640801,0.5045065815580052,0.49437428002562034,0.5013053963317343,0.4917015768293948,0.49879346901973,0.4864089913934856,0.4938504705974312
0.1,1,37,0.4337372474553651,0.4265471225203029,0.47623646644261547,0.49293927940834287,0.0003081786476321421,-0.0018926142229826347,0.00015793446288170793,0.00022822833013890514,0.0025174740375339204,0.0018768446112816702,0.42783871927440514,0.4268717816263232,0.42709927108403895,0.42722621733419125,0.42890886291178637,0.4313720544063567,0.43533728385739806,0.4341038075818591,0.4385560553552267,0.4336833156986669,0.4377690384097814,0.4378270913777662,0.44032005571818533,0.4369657103333211,0.4395317389924391,0.4333979445960315,0.43672425818343025
0.1,1,38,0.1909444820934514,0.2046918506695248,0.27967475480459547,0.28738490816819784,-0.001489190578799961,-0.0005015785874482395,-0.002554188134403261,-0.0005907070139634865,0.0003156050035903405,0.0012058536208882336,0.23520798197665546,0.2392783629942851,0.2396854621153483,0.23951494055192168,0.240298130624327,0.2143349582726215,0.21973272489902196,0.188272560793486,0.1981032622383558,0.1735582300552193,0.18809407817564547,0.16301378712904938,0.16724875460612346,0.1381333759389002,0.1407824315463194,0.13147529660153348,0.12932185706986027
0.1,1,39,0.26837054917956293,0.27904923132339277,0.3675323092012675,0.4053704990837496,-0.0012724913491702074,-0.001141700916938281,-0.003747726356089396,-0.00016266592054490768,-0.0010624144118595632,-0.0005294394273660738,0.34061974665041506,0.3472318334987861,0.3468076314405343,0.3501760491249778,0.3489136889551221,0.31523930070568734,0.3186910079987935,0.27483644057113693,0.2809534718326943,0.2442040204911255,0.25756037220588796,0.23094480278343255,0.23363474307916254,0.1817663865684061,0.18241391364177978,0.15536136827656546,0.15294455822806202
0.1,1,40,0.19128397556058094,0.2280530606421634,0.3047527596017741,0.31488889153456695,-0.0015304107660624026,-0.0001645191933046902,-0.0030678147784956654,-0.0014670452453909907,0.002129247112028298,-0.001287422581274031,0.21016461297583447,0.21377525344872406,0.21525346312544383,0.21166629386192515,0.21380026794503454,0.18569434340208602,0.19224036840141823,0.16617931276066777,0.17719962216227597,0.16777881776899886,0.17823431858866037,0.16025184778844692,0.16210045281943908,0.183409296838363,0.18536979782220062,0.21514870879914721,0.21356080602121016
0.1,1,41,0.7659643631717932,0.7732009363284211,0.9903369130057833,1.0721922570709732,-0.0019142519532424043,0.003206018914363304,0.005070298709483644,-0.0011715666288253418,-0.00036824895678803053,0.00034155555094050953,0.8433377043773763,0.850106499225868,0.849699546002685,0.857467799141325,0.859798467205964,0.8224350119767373,0.8396495960459102,0.7743792411940493,0.7992220668309841,0.7261361032696342,0.7598999066684614,0.7306484714630186,0.7433057970447228,0.6619177025863953,0.674188381774503,0.6061182373997448,0.623083641713104
0.1,1,42,0.5239581560918829,0.5295901906035709,0.5684894153768899,0.6001142489577072,0.003017146566634772,-0.0017223905265184652,-0.00042809059938892283,0.000777337576061744,0.00043476607446661864,-0.0003761560712300993,0.5131068173181511,0.5111443934181786,0.5140195951431771,0.5099147250362975,0.5193485431878945,0.5084391257284203,0.5306588828084104,0.5056272907342628,0.537249208861511,0.5052435281451544,0.5367531185557228,0.5223542700698411,0.5363325028614134,0.5284100549309495,0.5424821622507643,0.5362382359081047,0.5499661986037552
0.1,1,43,0.5327676457454962,0.5346014616831773,0.5642021277705909,0.5725773952607778,-0.0002335651345584458,-0.0023996458727925194,-0.00041569160241599143,-0.0002663874900089551,0.00023216988962625597,-0.0005553272188190161,0.5442215897597478,0.5441087077871472,0.5451038553754032,0.5432744310620699,0.5462928233916472,0.5388756082077826,0.5462709646399252,0.5325748587016972,0.5436034920802947,0.5279004997219107,0.5400753046281959,0.5288724012013357,0.5340232162395406,0.5155924389466191,0.5211177965491282,0.4991460243769637,0.505995965004025
0.1,1,44,0.40844004838062536,0.4109861622220088,0.435637038684302,0.4423321690793655,0.0008229899768402187,0.001767522540798307,0.0002712753521975854,0.00035175640839920345,5.315534757786736e-05,8.439309141418043e-08,0.4187003522048977,0.41877637727243905,0.4195545442523257,0.41828288839449934,0.4208908674705028,0.4137943234258133,0.4204736223295057,0.4077270731298483,0.4177105617801001,0.4034911408745817,0.41454175661878323,0.40412722323899186,0.408766140529714,0.3929554374795854,0.39788566215037924,0.37995864942325014,0.38584420189541396
0.1,1,45,0.2974845679695787,0.3051648694270323,0.32775637976150407,0.33304900790355574,-0.0012593563429538373,0.0005523866929867723,-0.0001697971460380883,0.002093168308930595,0.0015733549024752424,0.0003858465525565008,0.2907083245306386,0.28965700195722704,0.2906161480460339,0.2883129643853334,0.2908201987626811,0.28990699671626563,0.29477604163147847,0.2921777794683803,0.29954159630936744,0.29572814470033876,0.30254681831631625,0.29908782316075094,0.30224564834831996,0.3041329680203235,0.3076997524303994,0.3078463315532833,0.31143311714569993
0.1,1,46,0.4801355605641476,0.47810526453130453,0.5549550377297991,0.5672620569602836,-0.001331786069025449,-0.0019415242823067299,0.0020789366393329056,0.0002627492251471385,0.00048014340339161085,-0.0017445859869741926,0.44067118541405403,0.43650996804483727,0.43871628891641284,0.43481440447303105,0.4413576746758611,0.4490980117099197,0.46173797660402777,0.4652136719661147,0.48159256398332495,0.47959415859921306,0.4927943356088568,0.49308718654849865,0.4998675556807629,0.5212819513976097,0.527837900382318,0.5467251760867483,0.5514045194989188
0.1,1,47,0.3059613501243389,0.3031403289524642,0.39199142194336367,0.4319540468565197,0.0016186855112886964,0.0007931131089866844,-0.0019380671558206725,-0.000471524807449949,0.00026371720435651956,5.246679835624363e-05,0.278697963182612,0.2766860328253857,0.27787166451597806,0.27828120071106094,0.2838147958457863,0.28528165810386724,0.2993735770174244,0.2921149167431377,0.31003309920413713,0.2967607658557185,0.31277721072738507,0.311286193321347,0.31893418522519673,0.33077885522161743,0.3376905933360096,0.35290627925313756,0.3580539610239598
0.1,1,48,0.09929589312736736,0.10168614924231359,0.1251985833472714,0.13148200204682342,-0.000509934917172815,-0.00018062110149375213,-0.00043978348902531554,0.00015256251210246858,0.001471491972993157,-0.0025666584409312974,0.09219029716768372,0.09134477595877481,0.092177184931962,0.08974663423721013,0.0916153429719858,0.09079644648719964,0.0937266779967301,0.09377612102701971,0.09761150670231905,0.09880271725284684,0.10147215769722645,0.10077156129330525,0.1022785620692845,0.1086338482730941,0.10998506709965278,0.11627012763213293,0.11683115436681754
0.1,1,49,0.05156473268025811,0.05511501214457169,0.06654908464760322,0.07955806429376701,-0.0004133816949913463,0.00030807229236168076,0.0005166069686154027,-0.00037191458132128987,-0.0017567217824785825,0.00032799548371410965,0.05957525653069172,0.06014147697889224,0.06041059397814296,0.06044656109303116,0.06132023309003956,0.056286381026794736,0.059203438999958,0.0510355131527174,0.05530906692337235,0.046581527019409215,0.051605904065232536,0.047611174485701006,0.049526898071751986,0.04102182879672936,0.04287079560930157,0.035654989836469676,0.037998815906152325
0.5,5,0,3.5812280407865797,3.6157502256260585,4.108663378583351,4.2393934987670345,0.01507397428609711,-0.013385465892526269,0.007538321504998032,-0.0016426261156144695,-0.0003066217291442365,-0.005264492553519746,3.3660122829548023,3.338516876998851,3.3570393020444387,3.3112655425108697,3.359606918218764,3.3836210570276504,3.4672624565269166,3.475188788379554,3.5904730926856256,3.5743937265829016,3.6698585039252802,3.6568627140985015,3.7056666689535693,3.817728213109845,3.868454668401764,3.9478518866524515,3.9910739943000726
0.5,5,1,2.9630520015049164,3.0022609664880795,3.110509041653028,3.145332291702147,-0.0029186807056138437,0.011345029300126023,0.005084626188344899,0.008661558027049722,0.005887059444888468,0.002195433394647881,3.064892727471713,3.0695718647111505,3.0710309944747545,3.0707569228137794,3.076132626876913,3.0357592571348726,3.0565741668756687,2.985731036651071,3.0193625559555506,2.9386250544050094,2.9828593825983476,2.9303776386605422,2.947987776104719,2.825885911956583,2.8467395817357852,2.708706239843458,2.7408902873136674
0.5,5,2,1.7384536238777488,1.7635728994708924,2.2955210481108494,2.391423505356312,0.01521869971041759,0.0038309380068567147,0.007225559926346798,-0.0014828547676735417,0.00033272907929602415,-0.0034871191165013844,1.8197674017156749,1.8217442660797531,1.8399342710828726,1.8059039928684275,1.8604440832905946,1.7078614704203217,1.8416144258486593,1.6115195123734778,1.8208199907407931,1.5912286808696923,1.8130168250532395,1.6355269109806576,1.72634943139335,1.6113150028477135,1.7039104632435624,1.629548219499443,1.7132066576134992
0.5,5,3,2.6021876704691365,2.5847463046526613,2.9462228411540723,3.0039898510639325,0.008635748941760201,-0.010282638905766384,0.006827294689646622,-0.0009532552875257973,0.005856235467336597,0.003754344943656299,2.409189425873299,2.3877328349875953,2.3965538460388887,2.3729917771646845,2.3966506842222515,2.45480411397652,2.4886579403104343,2.5497687097719157,2.5899917349135246,2.630024837182643,2.653202429245725,2.6837368441239136,2.7020218660341233,2.818320845349496,2.8379011186971943,2.9253793022228405,2.940262087860266
0.5,5,4,2.9637077637942633,2.9548121520906343,3.5446324488483674,3.8730244012186708,0.015888134982360212,0.00637721222530699,-0.013718639217521226,-0.0003347658644910042,-0.005860035962974079,-0.0025913992118313735,2.7860009758247677,2.771126539104094,2.783698613124094,2.7810900773621383,2.83499174460087,2.8148376911446373,2.9510791712543707,2.8418745197747888,3.022573863098374,2.861066213631449,3.0307698869177258,2.9852679140680474,3.062813769732212,3.1075603832721588,3.1797142457917045,3.2544165208432134,3.314149854957834
0.5,5,5,2.08184119758247,2.1465066094279326,2.3152697983514323,2.540976557893338,0.013187955955217115,0.0055635320464758505,-0.006099318610537098,-0.005068586832201995,0.00016391046438130397,-0.006082800746905639,2.016955415118919,2.0092129473062155,2.0210705749473687,2.0121919993753803,2.0587887974564367,2.004113962228031,2.121725112809696,1.9871204286830129,2.151274771991795,1.9807010356530221,2.143707326667964,2.067092659223222,2.1385218065698597,2.106841287632365,2.1758290849987625,2.1667975177119074,2.229355630528038
0.5,5,6,1.0502897879053057,1.0345204645734194,1.464122469905306,1.6675363198626205,-0.0058568037916592085,0.0027227962879883927,0.01008199945899073,0.003043807361122199,-0.0114564475429905,0.001521833645151299,1.1646604162949648,1.1773706804267305,1.176272938956663,1.1930139708942273,1.196554681909889,1.1311270495975556,1.1639582843909033,1.0465844650665257,1.0954840536853852,0.9604500403141965,1.0251713764887525,0.9824793700924227,1.007826446805152,0.8902336148818089,0.9163812083373233,0.8479515288771521,0.8794062673705468
0.5,5,7,0.6348513434499282,0.5366311490566535,1.2144047397274742,1.4162668580119882,0.0006286115124424699,0.00361187411088621,0.014104090173711475,-0.010316191384023714,-0.002955517125955528,0.002954531613966773,0.7280274186982503,0.7481649732175965,0.7474877738077481,0.763558093364162,0.7640187470829869,0.6592655250437518,0.6831975572265946,0.5459755114141298,0.5644443631400025,0.5147253047624143,0.5026556931410874,0.4923998820938939,0.481496680165942,0.5854074474254176,0.5454570140603688,0.7600995768963485,0.7060912771080852
0.5,5,8,3.5468801489633046,3.5689838514263617,3.726654546463433,3.888101341354483,-0.01380201485078685,0.012880085240104868,0.0032145178565600252,0.00423291992921702,-0.0028547183076089726,0.004068818449831053,3.537859532325063,3.530980843769458,3.5416152009888617,3.5249955996762825,3.558125993201226,3.5166325825502422,3.5951228547975194,3.498515586088148,3.6118307213259113,3.4856813940811,3.6014772482606983,3.539672965940733,3.591386882967054,3.5235948007216766,3.578233927432865,3.500605383799287,3.5606310144500566
0.5,5,9,1.2659578195571868,1.2414721209505784,1.5439426564286092,1.5988551381217286,0.009324173307957827,0.0020322441034596223,0.0020455336736030904,0.0013517161964086294,-0.004316726323696909,-0.0007376434012017647,1.279933302663746,1.2776294328606177,1.2889570583556054,1.2691389002600968,1.3042993050404696,1.2294882277646524,1.3130852819238792,1.1893385218317196,1.3160793568529985,1.184119527757235,1.3146000286115875,1.2251763630822603,1.2792934314262328,1.2271903834560103,1.2815461214014456,1.2458402855817015,1.2955674036019171
0.5,5,10,0.6381060468439114,0.6354925887276108,1.018507221829366,1.1676028878490448,-0.0013310101873867813,0.003345742632456505,0.008725112524928691,-0.005292680409892047,-0.0006250451515978882,0.0074072777382948665,0.7561099529194161,0.7681583272874174,0.7682045722300486,0.7790526391905511,0.782662311862957,0.7153192347976042,0.7410619872597999,0.6349191874148888,0.6696663866305571,0.5610614130875474,0.6067168710240425,0.5695316699633011,0.5855110616755671,0.4844458559485881,0.49407747558301823,0.46497271717791416,0.46633113229327394
0.5,5,11,1.6670321136636927,1.6946732357874508,1.796460209324941,1.8930310819299583,-0.006489031435926104,-0.007175485038148197,0.0017654545723127923,0.004221925952426601,5.713027780329665e-05,0.006644802952184946,1.6560347976994894,1.6525585666202183,1.6574683306418025,1.6538321380676593,1.6747784705436242,1.6498782483869983,1.7029259364230138,1.6385495262320737,1.7114070029996313,1.629066647042804,1.7029064483485605,1.660395720119958,1.6936265634765542,1.6517899929155582,1.6846679567430745,1.6432242538318023,1.676435332189956
0.5,5,12,2.300938253615576,2.3495270159375794,2.510514624660001,2.54016299780318,0.0074769380035303945,0.00734626593829524,0.004835578693868473,0.011638265501730425,-0.001025808444330221,-0.01001761146033257,2.4445793171925514,2.454474498498651,2.453838886089046,2.458475519007615,2.4615135898494347,2.400632926849624,2.4205398538317655,2.3276214390901053,2.360935999514271,2.2673454807056737,2.314677744459037,2.2438089449687157,2.2616745114491352,2.114402731279331,2.1348981712413955,1.982867830473665,2.013662866964774
0.5,5,13,2.0240466417108465,1.9715931676003045,2.368621789859883,2.4575497941649314,0.013999760323976762,-0.003994181027350534,0.0009414344761502088,0.006547753424302635,-0.008011297705294627,-0.006258236070530697,1.9710550683122843,1.9611206457881263,1.9788841288421832,1.9488296295871173,2.003842994033945,1.9258800102434037,2.0513277610524443,1.903841297969628,2.0871318192014954,1.9156860671612843,2.097388307297891,2.0017440237256934,2.0794957457059082,2.051744628915211,2.1287509989540485,2.1162171266503056,2.1858526556434157
0.5,5,14,2.269200232327653,2.248162363276819,2.577248265259477,2.6596547833156907,-0.01397378612113336,-0.006930146485258125,0.0038365531436448256,0.002620939214063855,0.0013813708966427688,-0.007063829419461832,2.207779871217502,2.1973628565816536,2.2137960726056645,2.190142578607688,2.244482998072686,2.175377858806227,2.303478941990633,2.1571317296870682,2.3416717797874047,2.1662068619769395,2.34909004779769,2.2493933719664865,2.328035056365866,2.2956470393363513,2.37295396529027,2.3572567448883106,2.4265961745916584
0.5,5,15,2.4726071699179704,2.414974840973856,3.0562411402637997,3.1645867648220456,-0.020159455515437914,0.000474324512663029,-0.004117022559494241,0.002296928858583059,0.0035097681311063505,0.0006912071602934096,2.3980823637367523,2.384384593472017,2.410990688230629,2.3621080548196565,2.4425963122275376,2.3200629699386432,2.499954243722168,2.287820843965905,2.551883023166149,2.3191248131384197,2.5778317301091436,2.432451591213919,2.542156619665507,2.520335927428685,2.6276321990209026,2.632086846606149,2.724819068143314
0.5,5,16,0.7154464730697871,0.7721983679525135,1.0068447383551553,1.0577387919729488,0.0066334125465759034,0.002000246580664224,0.004625687180680012,-0.003523366314349412,-0.0008980570691572927,0.0009838804832847862,0.7465305368650741,0.7473899017668892,0.7568531291072407,0.7374106288463482,0.7638814654398979,0.6880329573470552,0.7508773752369764,0.6448734949536183,0.7434805296934284,0.6454139267708735,0.7473067658993869,0.663533726474793,0.7049729096531804,0.671564321833441,0.7118803710388971,0.7033816825936221,0.7352063186656607
0.5,5,17,1.2461460589826392,1.244983630694364,1.4977098610639419,1.5796326905869498,0.0071604617512016555,-0.0034360399279904147,0.004548042283054328,-0.0013291939595768952,-0.0005877108366406518,0.004147595210120365,1.125526647956008,1.1123389976391462,1.1202792789336087,1.1001905084822043,1.1216041729870916,1.1396642665032253,1.1747095750370373,1.1921357681088405,1.237519590079967,1.2471251627412716,1.280625609869285,1.286920843827098,1.3057346959782108,1.3838631629636302,1.402491834964046,1.470542657206254,1.4832102294279426
0.5,5,18,3.28918058455871,3.3217916363933213,4.017013965055199,4.099111791729613,-0.017392732832957454,-0.011313855392950349,-0.012934507655178982,-0.011668080599241524,-0.0033913222007758838,0.0037471694986387022,3.6234893016791627,3.645063355874055,3.65372439705811,3.640914331259921,3.6695555107375246,3.4701995707215674,3.561781161544697,3.276306880447987,3.429949377283726,3.1551888867892743,3.345015511490759,3.117486924545936,3.189594387289435,2.8584781372069035,2.937645790302099,2.6242768943763504,2.7173995188905615
0.5,5,19,0.8894495645165439,0.9270235684988357,1.2539204859467785,1.389807789416268,-0.0024860824724230106,0.0017260440788373496,0.00950521579396692,0.006638430661338458,-0.00034568967363069776,0.006767929447846987,1.0287829424325758,1.0434125420004243,1.0404891494784456,1.0571066514316207,1.0514042449339966,0.9924770899600974,1.0000064210321429,0.9088687104191289,0.9213523581997247,0.8266427714783695,0.8540233670790176,0.822277509574346,0.8299274161140948,0.7147874193691655,0.722057757036248,0.6463084563896152,0.6607177898522332
0.5,5,20,1.9559389877234072,1.987471022076855,2.1030543504945722,2.116197034455908,0.0008039567592677046,-0.007307678078070823,-0.005187121610440923,-0.0074026825628250815,-0.004440669268668262,-0.001790083440372146,2.0710589914405633,2.0785133281783765,2.078119648287566,2.081672510286176,2.0816146111897975,2.0397346188412513,2.049232270986964,1.984123960636479,2.001688784665397,1.9334773157382226,1.962288337524107,1.9162209563155037,1.926095474274588,1.8096544748459276,1.821627476127922,1.697116202115199,1.7187238298438818
0.5,5,21,3.727908568543608,3.721952684019713,4.140816033751358,4.194418709306071,0.007012602203929518,0.015016549611416677,-0.012061809151766991,0.001964137341299595,-0.005202719695787672,0.00237348544231601,3.4966817661927023,3.471305048201985,3.482561121496677,3.4607924712223834,3.495137052409736,3.555240249187794,3.6179527388950685,3.6586272495130143,3.7374185658447905,3.744057969431021,3.8036073769965846,3.815596289657236,3.8491590846990977,3.968961426361739,4.002472971845975,4.094447603649462,4.12042667963607
0.5,5,22,3.7051250460833822,3.70902516361339,4.039575833829338,4.136455945527852,-0.0011439468299562592,-0.01597766747749265,0.008100919469614045,-0.003025003564043655,-0.002669501191867773,-0.005348762056448449,3.537513606322252,3.515604529495882,3.5261395391624046,3.498852813676391,3.5259122648280785,3.5740363568428024,3.6165296983672506,3.6585892586261792,3.7149093784091027,3.734267593786214,3.7761337749510355,3.778641652591945,3.8034171709208717,3.8844907991520397,3.9118977320293737,3.952636305361854,3.9775533088938144
0.5,5,23,1.127712974384813,1.1453834732045214,1.3261490125442625,1.3559455314295623,-0.005709698709467451,0.0037340485139679197,-0.0016514684200534826,0.0016433100114124053,0.0018096092696442184,0.006603308277640835,1.0852048051917913,1.078056916765029,1.085946622915619,1.0677173681853895,1.087957969917255,1.0729389902686837,1.1121652618447693,1.0838448872746738,1.1415129643469377,1.107687884591851,1.1611552392465272,1.135010768708114,1.1586850522010197,1.1715824235748213,1.195865690498359,1.2020025939793895,1.223785125031592
0.5,5,24,3.1261945157438213,3.125135092023907,3.461384507977336,3.519795364640963,-0.002991373481410713,-0.012888015743886698,0.009313272510135799,-0.0016574408604862734,0.005572962222886885,0.001916885565912352,2.9352481126854806,2.914437186966214,2.921770296187968,2.9060612853224104,2.92875102796619,2.9911432184631064,3.0284877813780087,3.0834076214174777,3.1269709168257593,3.154583227405809,3.1820127333182806,3.2066482414268433,3.2261439822376254,3.32884201801634,3.348914478203095,3.4230916300821113,3.4387930097422448
0.5,5,25,1.3738305072139123,1.4571267795497673,2.070887741531827,2.2246181992039786,-0.001144390837490939,0.003043643851347369,0.017025796460983882,0.010384902645268765,0.0003469056756638935,0.0008009529665853766,1.6634250338574992,1.6931964554001377,1.6844727285625847,1.7200696245767355,1.7005615019371039,1.5980619616724292,1.5896435245186358,1.4402078314898066,1.4293423068147202,1.281889675510365,1.3006337220328967,1.2490720660867247,1.2482526744759925,1.0197671251441183,1.016567978046059,0.8543202884088493,0.865634124101852
0.5,5,26,1.983719719724955,2.0099952224068893,2.2612162164544447,2.321676691126258,0.00939196714498533,-0.007379784688802931,0.0029065873215164593,-0.00012931423976928201,0.001569541057287768,-0.004166844029747029,1.8865226236977621,1.8729769551321436,1.884168577409608,1.8588360819864134,1.8891942525312824,1.8854500108634673,1.943122661994119,1.9198399699873125,2.000915502550459,1.9626470619488967,2.0350373918769695,2.012459466930715,2.0469250625779996,2.084689318443931,2.120014416651963,2.1443377449664736,2.176098135774721
0.5,5,27,4.267223713262023,4.340860821012393,4.743597919317052,4.841040330370467,-0.013871593220457222,-0.018090193148676582,-0.009751015890572498,-0.002293376424696665,-0.0014659579332438092,0.009686155812147585,4.5460902948275494,4.562115880751421,4.568129782321759,4.565622411930573,4.592413824972504,4.4392476172962425,4.526090829333483,4.281285983888635,4.414986866907523,4.1611237498102485,4.323664850127968,4.142758095456919,4.206930456898953,3.891048908779719,3.958583830384211,3.639366974958121,3.7233427668085612
0.5,5,28,2.371792082442332,2.371229087416174,2.6196946110587436,2.686248928724466,0.009651612905054962,-0.008395828842174609,0.003034328666141673,-0.0020353911817516256,-0.0014218191902004758,0.0009266282470769101,2.261001098024371,2.246739222327553,2.2560968895294256,2.2348686110316507,2.2614755499169057,2.2732214911573383,2.32284476937915,2.3178605964726753,2.385799510595627,2.3620943401032832,2.4208758446455008,2.410758419242991,2.440865830954703,2.486210072660068,2.5179384403583804,2.546118220830439,2.5756964942895855
0.5,5,29,1.307196890717447,1.2632516430059382,1.7405142737419357,1.822304967361141,0.005403287312235784,-0.0029605887795500943,0.009283855999301394,-0.0057096911307120204,3.169531181134221e-05,0.012988368632979162,1.0837595206609285,1.0641547928815358,1.067462866707581,1.0528872454132074,1.0589743382131358,1.1522135926158705,1.142258285411894,1.2745279673700163,1.2478667295263248,1.3728153355653017,1.3256120569060683,1.4044993109053237,1.3934068234371177,1.5774673381163735,1.5664683158407677,1.7286010484343972,1.7093715741907534
0.5,5,30,2.8961868212544037,2.91758935746288,3.0111875516026885,3.0498085078838417,0.0019467380016562948,0.012507156013811868,0.000798664220567166,0.0029038854766489835,-0.00028391597196345767,-0.0008520379058210222,2.927372944776934,2.9250018436273577,2.9290704397697818,2.9217875915343234,2.9353669706467524,2.9138827347882534,2.9464251520313085,2.8972587999306327,2.9441553425060616,2.882268429968827,2.932672976038455,2.889534803993073,2.912139800231367,2.839699461766209,2.8643590942737376,2.771555163425835,2.802624412015948
0.5,5,31,1.3378355757369451,1.3713802251201281,1.7624101956843843,1.8167960505521874,-0.006802267142097619,0.0037550877448076494,-0.007431063827234751,0.0033279261815671456,0.00542643502222955,0.0018326570361861497,1.1824378383753402,1.1652456042662536,1.17569944289761,1.1453976441902003,1.1692146145961515,1.1967660593747451,1.2285494928615606,1.270730913632084,1.3123362998838353,1.3539971571536922,1.3790851388226066,1.3926684854360099,1.4079766572987107,1.5270402842991244,1.5423108819909712,1.6436934250835964,1.6500548473655747
0.5,5,32,1.1479844016313254,1.1424864379532949,1.2668437469910616,1.305216617154476,-0.002497991440105399,0.003961597024830095,-0.002693680565738122,0.004677735627325747,-0.009157030421075619,-0.0016780368405932312,1.0780815597276068,1.070817714488212,1.0720852860420638,1.066723362328263,1.0695144835723158,1.10205707018391,1.1008378263892795,1.1418485569804526,1.1368263431486831,1.1713864762962667,1.1596366957248172,1.1831199906470853,1.1812248330694408,1.2295304457846272,1.2283428517955834,1.2627486127163159,1.2609527188376113
0.5,5,33,3.549151293501503,3.582952926880172,3.962706796931646,4.178918962905237,-0.01737311205155553,-0.013046867002532346,0.011901943226922144,0.00447592490985843,-0.003597401166423952,-0.007512517280204485,3.355586063875754,3.3331807328212295,3.3526511157001506,3.3273140478683434,3.3939146509827345,3.36934138711164,3.521419748585539,3.4109449418480695,3.6197354306384475,3.460493575361884,3.6564289385183706,3.5804101095317815,3.6693000330760244,3.712623522134104,3.798815789330978,3.849819160677068,3.9235927414634295
0.5,5,34,3.965290417115682,3.8950762650778494,4.916231008931619,5.498701600834205,-0.025870394495328942,-0.0047428930416117164,0.021122105614208023,0.002174421357318237,-0.0027978614302474475,0.0023254010475015313,3.762653307941657,3.748554786663784,3.7671763556319506,3.7717690930073453,3.856942385928598,3.778506650652189,4.008120542353528,3.765520912227835,4.076600238132909,3.749416980835215,4.0528689059562435,3.9528987256570556,4.0880981030780275,4.095629770323521,4.221773844133886,4.303025220018126,4.4103812684247155
0.5,5,35,1.8793140933698003,1.8191654962286123,2.1735791882725537,2.2702114021741284,-0.013621931373130457,-0.002594635811087514,0.0008681047178442248,-0.0004305032591052425,0.003954030608450403,0.001723226131180262,1.858557905740048,1.852528894423865,1.8678402540953627,1.8458313600699727,1.8970652897678593,1.8105900810314688,1.9341025062014694,1.7708514044445567,1.9520218583466304,1.7646942218162254,1.9481071616271968,1.8410496624988626,1.9185860286240204,1.862990612619979,1.939596562219544,1.9070064665503392,1.9769193172092046
0.5,5,36,1.2332857433649171,1.250379963904746,1.6125647749541807,1.725725215649835,0.0058322447463638955,-0.006007181402197204,0.007834917475950828,0.008144684738119957,-0.0048507475982570636,-0.0044384782785727986,1.0666982727191294,1.0478929171599076,1.060297493949503,1.028108142832661,1.0574410939391912,1.080670855558934,1.1264457273611894,1.1541118682827256,1.2154407921233215,1.2362591015581978,1.2820902412158424,1.2892662225433267,1.3140357214661544,1.4299023564505506,1.4542397721929663,1.5542874431742841,1.5686696146757062
0.5,5,37,1.1498593514602933,1.2918617436800042,1.774306535811884,1.9003212279724506,0.01165691738267767,-0.0016697912858605125,0.012250652700745811,-0.0022126785594609195,0.0072752278813535565,0.0006574290840272609,0.9308802239774743,0.909530043559419,0.9265758880909393,0.880444971976647,0.9204262877562063,0.9285240327600117,0.9890950905227073,1.0213463096427708,1.0961967289028085,1.145420389919872,1.192705979978171,1.2106079282684812,1.2368606566311457,1.4302012387561518,1.4515340733884168,1.6377209117289153,1.6395382189648495
0.5,5,38,2.82977996421479,2.8312857494784227,2.988913117110014,3.0610836014520633,0.0022534715952658773,0.013654740671715907,-0.003157042983956334,-0.004705610479624792,-0.0022428210401417717,0.0022616697532156934,2.7708565072583835,2.7595900952580865,2.7681844678751237,2.751326758249141,2.777292901574619,2.7747069708233973,2.8282342882127,2.79593533034124,2.8694864290720257,2.816670226127806,2.8861352585698703,2.852875531676007,2.8859655371873623,2.874651603095562,2.908627650843328,2.875607922714287,2.9101119127724924
0.5,5,39,2.076554785475397,2.084542003291217,2.424466623083874,2.531407817368104,-0.013663825551260762,0.00556298306846116,-0.004701666703868876,0.005739063303667817,-0.011971301524502358,-0.0039328288755208435,1.9157412759614565,1.8973544674283582,1.9098439360071888,1.880968278610787,1.9162878328187947,1.9300672247358153,1.9938145468841608,1.9938785339173455,2.0786559414320194,2.062001843606787,2.131069803848989,2.127333288584228,2.1630078570075524,2.2527265689900196,2.288315088193413,2.365903327620728,2.394461537434108
0.5,5,40,2.3899173802129283,2.3351127745251885,2.6911817187632896,2.791576262945673,-0.014717210984528375,-0.007210212282523357,0.0021612927096348665,-0.0008961331272487745,-0.0012668878447400747,-0.000795924356900304,2.3711375257257687,2.3642946841241663,2.379273699975796,2.3577266823503593,2.4083433536300816,2.3274942787407373,2.4496506761049064,2.291305339037001,2.469671706990422,2.285994718386299,2.466628250877759,2.3549619222208342,2.4319949984629408,2.366649299844675,2.443588003892855,2.3939298806293907,2.4659504426257857
0.5,5,41,1.914383176562268,1.9075697679433952,2.172560169637105,2.242028708114244,0.001774897229328243,-0.00880113727846943,0.006168426775114004,0.0033133298519274195,0.001925189688280505,0.002782667213756316,1.7665550234664793,1.750562820926837,1.7560586961209392,1.7429545097504642,1.7588778513305297,1.8090953427931291,1.8326584255345109,1.8822154454544968,1.9083373061840048,1.9386759928441588,1.952712777625574,1.9781629949059336,1.9904999458645312,2.0755129363190723,2.088350174619625,2.1519903546230177,2.1612934031952524
0.5,5,42,3.929474083303161,3.952963571322007,4.067447267651847,4.252576479993676,0.0025867350381451612,0.017759364826046217,-0.0007600400220807164,-0.0015354160916728839,-0.0037676379017868894,-0.005161313352889184,3.9251498548610804,3.9181750172295366,3.924404846445148,3.915060824153908,3.9379312887105304,3.923015343228303,3.976248561203394,3.9196184781012255,3.991979728887206,3.910470340169541,3.9840492400291394,3.937674895143199,3.972528248281674,3.901579121162424,3.9381291785306827,3.8410112615579055,3.884033188458845
0.5,5,43,1.9996690491376348,1.9374085237590866,2.2962561789410887,2.3661810326876678,-0.010860065070909156,-0.007756219749379444,-0.0006168026881974168,0.0016714756424885725,0.00025571029276080895,-0.003827676387148565,2.0304559869390015,2.027578178568765,2.039791355004757,2.0195089097937413,2.0581771040354027,1.9780773375544434,2.0713235137774877,1.931176073542206,2.0708572055638688,1.9172310177540595,2.062541555156704,1.956210607187363,2.0169025307200146,1.9311298935566275,1.9927846766011785,1.9153354830095404,1.9752924065746316
0.5,5,44,1.534916490284029,1.52405066020423,1.7009439638980617,1.759745203518477,0.007855592258889021,0.006452592831310705,-0.0013931943048751485,-0.0032645807233235603,0.0027421396041489975,0.0009398679374305224,1.5271965122977054,1.522852915936696,1.5311983507157545,1.51908418395714,1.547161976177278,1.504827956239457,1.5722440840390612,1.4862145537967597,1.5836987379926135,1.482581454702402,1.5816069703723596,1.5181513438702343,1.5607790333712357,1.5168606965808653,1.5596027249287154,1.51921380884007,1.5603050310101494
0.5,5,45,1.6857326191713529,1.6894104644591912,1.9372219708697436,2.0139542695000854,-0.012637294332337318,-0.0005932396466382222,0.002286693839417531,-0.004498473932438769,0.000949216964187215,-0.007274112426288946,1.6214376537866706,1.6126135219929905,1.6267363239395345,1.6072857857373266,1.6544921539195223,1.5952242335457087,1.7068450205351489,1.5811478780341521,1.7410988035378934,1.5891774753472852,1.7467624090007172,1.6701178533001328,1.7381804950080153,1.7239414015861945,1.7902682189209693,1.7968951508509832,1.855230146869755
0.5,5,46,3.0709625666305977,3.0881568683331384,3.260690114988445,3.358526715498747,0.011660423432297312,0.010890418069750564,-0.0022036294509729776,0.0018172716891953658,-0.012049609828999375,-0.005781738301326665,3.0654186476267107,3.0598311039780333,3.0700090866412317,3.0567393142173245,3.093774391611363,3.0401474141878504,3.13025603015481,3.0146590775264888,3.142874894425135,3.003533811323228,3.133414234380849,3.0517820537370937,3.1083187609518186,3.037754983011723,3.094190876270173,3.023713784842651,3.0799451678336793
0.5,5,47,1.6671508117987306,1.6633371616944734,1.9082551888476993,1.974145065387313,-0.002563704714804093,-0.009356125621626804,0.006234285393285739,0.00998648265373997,-0.00588307359714651,-0.004187317020425963,1.5385527540032278,1.523002616347191,1.5321529120641506,1.514276158180542,1.5406302582927194,1.5620904258518027,1.6124490989517632,1.6150488080861016,1.6816584871004083,1.6633503060074002,1.7205290762347527,1.7117483633399977,1.7407323972295263,1.7976484114564164,1.8264594154577656,1.868833098849304,1.8924012131253518
0.5,5,48,3.380909386308248,3.384875980371257,3.755897238369413,3.840405221314464,0.0020546746227282807,0.014059640711684142,-0.01066722822281176,0.0012451806115347098,0.009106494254065544,-0.008258795740896337,3.15286021352353,3.129180399401447,3.134871884389111,3.1214072471577885,3.1398506316096557,3.2295199366182503,3.254706619930096,3.346422472414719,3.3704354153403155,3.431635612931424,3.4372972548052076,3.4822473797931726,3.4946612173399685,3.626456098298843,3.640623837276195,3.736489897530216,3.74679344888027
0.5,5,49,1.3295867663720078,1.3679233254447998,1.7543157869109782,1.8263621158095842,-0.011179437802686026,-0.0036966650079707556,-0.004542990926029248,0.004063006438768223,0.0012082985991041903,-0.008874810298210642,1.340366969468062,1.336589953070465,1.3532825884359314,1.3202597137574186,1.3682533410499005,1.264583244450953,1.374086004086049,1.2159441276207585,1.3825872237125199,1.2245583550091523,1.3923396583539593,1.2740791076547988,1.3431039862003815,1.298316503724776,1.36579012487481,1.3458823559648452,1.4029517708893544
1.0,10,0,3.046134569733041,2.995831403440457,4.021276626456473,4.17027478997354,0.008995608529649682,-0.01007995514266075,0.02224330007850308,-0.0062758753643691965,-0.006366152831022357,0.005411316108045314,2.5459154991583315,2.498458941549569,2.5124868262583777,2.46403962066486,2.4894272430058604,2.677522449037943,2.6784150622135914,2.945267144847547,2.926389115944514,3.1774484863336054,3.113315288598938,3.2566462000862764,3.246944505641123,3.652032109364922,3.6434771879583843,3.992841247489143,3.9636607573087166
1.0,10,1,3.712680214501034,3.690307647437842,5.065675245526858,5.486068927174614,0.013315579067437907,0.00782080927677909,-0.029419223051148757,0.005380344399282511,-0.01034308051674399,0.002352761115882635,3.2529233397213315,3.2231751150221393,3.2288273591641117,3.2484796153342175,3.2867503794852024,3.4083536269775285,3.5047056265658,3.5827137648913085,3.6812892157897985,3.6964622737766475,3.757710223060845,3.8486665248888388,3.888738022238641,4.188987236558734,4.219355389570427,4.546421265538669,4.552004667933339
1.0,10,2,3.1697255788047,3.209159600562371,4.174193750497475,4.383376879421954,-0.024848853571736107,0.007789790999198381,-0.014077806623142324,-0.012826346502605217,0.007138201364823995,0.002416445216767513,2.9277630994189683,2.8962306338200907,2.935163319455228,2.8484321842333697,2.9547196361336794,2.8546226333983875,3.0640274010731403,2.9034699334358782,3.2036637488490762,3.034282577470749,3.3080470244829416,3.1896041564507094,3.3099704655170648,3.4375742936332707,3.553215527840721,3.687703395657834,3.7768448088087965
1.0,10,3,5.977756710369141,5.953218970814229,6.363251085985922,6.481521980227828,-0.010715916715169362,0.02532784895071926,-0.0076908356132780855,0.0003210767397093466,0.0026891344767860093,-0.006196659341286136,5.75280782010235,5.723291299830997,5.736577086500035,5.705645726601178,5.744606051109701,5.810711816837418,5.878471357425355,5.920602088689618,6.006917539035641,6.004004342939682,6.073141370410432,6.081166535844618,6.12291304289255,6.205363178051713,6.2514070347141875,6.278437619636233,6.325800165653677
1.0,10,4,1.9678650010063852,2.0121223960444676,2.200777653561364,2.448453105471926,0.008222879545470796,-0.00931049986051628,-0.007184444050058173,0.01362642639803341,-0.01040586052512433,-0.024127803309294902,2.0590912284158125,2.0621328416757003,2.07380483370066,2.0621286073640643,2.099191206960951,1.995634509363241,2.094914846902174,1.9112923958972086,2.0569707154996624,1.8503855615624027,2.0077545160014796,1.9039515268265064,1.9676619212029054,1.8254646562755505,1.8872381656970676,1.766111182027242,1.8299763017359143
1.0,10,5,9.590162518194917,9.700999058864584,10.187444249086816,10.47593257082278,0.028116154605141025,0.04449416648611816,-0.007073283039229737,-0.019368380406201854,-0.0031048397619594377,-0.002862229498406692,9.546729254699631,9.522688347411224,9.555853637206464,9.506624089915446,9.61920395538213,9.485797826397594,9.750634183983985,9.43897689564911,9.812181771578366,9.425060048406575,9.801817573091244,9.563713143398882,9.730198807633778,9.520826034406992,9.687857654736433,9.447770277319163,9.61682930809658
1.0,10,6,4.254370913246931,4.280001364314481,4.612693406496836,4.74747940262505,-0.0033147963538726582,-0.019432287183868906,0.010115250152834493,0.005245073752860862,-0.014944056198193065,0.006991967316948879,4.042170221163252,4.016997658832852,4.026329858654211,4.007105595697995,4.037536023990911,4.1057551953073,4.159925567732524,4.208350851110577,4.274284009133584,4.284125945163958,4.334188434599672,4.346810406054044,4.378677941152415,4.4678154008718645,4.502034698544404,4.549952043818051,4.582245673370214
1.0,10,7,4.443126201413527,4.416052549514645,5.086741642675752,5.346368864651066,0.03582611144119616,0.0030012739838506993,-0.0058874347279189165,-0.0014200321440752132,0.006152567669685613,-0.017306716055072183,4.387433925427699,4.373833966485183,4.411296881496334,4.365292985111523,4.4956590843104,4.275316441988601,4.598128154160293,4.167121852271283,4.637045209595912,4.132295872236561,4.609943899068869,4.34367663851254,4.546525269343329,4.393642044213901,4.593662620868729,4.508873158835121,4.693397420103681
1.0,10,8,2.4053397045636893,2.565777806433079,3.85284837949382,4.276912872554642,0.002869159026621969,-0.006814881528466781,0.03225063047678987,-0.0017417273380495788,0.016678876111195198,-0.011037406977820073,1.7852676376913346,1.7394384410344053,1.7455142261933243,1.7348478289531954,1.7417128296849362,1.9954426009832393,1.9710326592742209,2.3129830377771614,2.2450461433357813,2.555909534278622,2.4442479576032334,2.6384929975876132,2.608203020189033,3.1322807636422145,3.098648024094839,3.602406587739895,3.539300687519667
1.0,10,9,2.0500964872067464,2.0802070920093545,2.700042360767276,2.9134518780873453,0.010249606023227305,0.005574586234895369,-0.015167735830635713,0.0017739611463694043,0.012125188368316005,-0.003237917042866007,1.7975222091895848,1.7784742070241215,1.784771404966927,1.7875830911429265,1.8175073466069323,1.8748321231629277,1.944468918099643,1.969504950335766,2.048356025079378,2.0363174080792263,2.0941131204592245,2.1242347990224304,2.156576885154083,2.305766571253626,2.333489274180092,2.4917069498941,2.5064149988636983
1.0,10,10,3.160233446878298,3.238491074921428,4.3204781099726,4.512706615581191,-0.02953031904877807,-0.00030652914798786875,-0.01575025425016624,-0.003423409386638824,-0.0008158776968512098,-0.01705652216015517,2.9998433976540904,2.9766056549307485,3.022056615540791,2.923423130700498,3.0500209077770752,2.8522669846609117,3.1162553248766276,2.8318089164131295,3.2176425689763746,2.9463859371460925,3.3072266830903523,3.1059473361972243,3.258215648367079,3.335530657617711,3.4782954952269405,3.5971962326069624,3.705247105148467
1.0,10,11,3.5454675931961153,3.507144674055752,4.463552422255718,4.63917612671155,-0.028198557608449595,0.008413653494590384,-0.009123162309892794,-0.02564744341820567,0.007848440366081351,0.0027236975527423985,3.375694941742652,3.3499131056614138,3.3904307918118777,3.311309218222722,3.429203055607357,3.276925029292626,3.5308136748928245,3.264539122523474,3.6358537886685514,3.339398021416589,3.6982690821333097,3.5185218043711184,3.672549250811772,3.698364376006231,3.8489507941138155,3.9024209813112547,4.029792045746366
1.0,10,12,5.657309311708791,5.729711189880214,6.195139506757387,6.4366975943536895,-0.012459466126531801,-0.02298302287269816,0.014587599704852561,0.003493506225604296,0.023826022826840734,0.004201885987249374,5.395450398518428,5.36511516020374,5.381589998764446,5.35761259667529,5.416395111832974,5.455472946379821,5.579547076835696,5.55322594474886,5.713707230716773,5.62961387160497,5.769320348118643,5.746367506147401,5.816807243098039,5.9020738312534755,5.970636084593234,6.030454757031813,6.0908681925258525
1.0,10,13,0.784532919400546,0.7653816331682182,1.257348818775061,1.452763641631023,0.006766696335346842,-0.002913441993933437,0.014255428133485763,0.006250852012481537,0.01251725008565195,-0.0052132291863728475,0.585861060583006,0.5795648795314999,0.5864748207721984,0.5664059073335743,0.5730845917538291,0.5887534292751408,0.5934807457765227,0.6863229900033258,0.6793955505163898,0.8045931145621448,0.7795232015025633,0.8302794851211853,0.826547780105142,1.0594197854829337,1.0524027139003123,1.284540288822561,1.2604092847669532
1.0,10,14,1.7793762159345374,1.7731373109390638,2.405406242189063,2.662396046110555,-0.00759929399066027,-0.008361927789159177,0.013802093765011535,0.014983744402967321,-0.004588404931493007,-0.004247737277930912,1.5448697639422935,1.5258382889868998,1.5347124974320285,1.5321001070864146,1.568372204275223,1.6059689349201243,1.6912606918223771,1.684685758364141,1.7913972062700665,1.7448614329091394,1.8359778719913604,1.8415070633883721,1.887472902581315,2.0101843958956853,2.0520649270145706,2.184890548403361,2.213231075603765
1.0,10,15,2.1980422594355042,2.1233657616836146,3.0100347155313507,3.3241724540389024,0.005481681662051322,-0.0042893473498652164,0.01661647090293113,-0.02251777290619047,-0.008267050469168946,-0.007824163339614458,1.8504412514587114,1.817456295861478,1.8262940989195162,1.7866246612454835,1.793528860663613,1.9392809966315063,1.9074153937618645,2.1393217655515495,2.085613612613953,2.323468643941733,2.2359037121845,2.350152000290832,2.322841803146171,2.640955541595472,2.6164100470359073,2.88515811003625,2.8458516154650337
1.0,10,16,5.815776866017104,5.802653314051506,7.252213639220047,7.497164963939987,-0.040497852234584554,-0.01681866365303184,-0.015972487391274062,-0.002011046545188303,0.011129658916602636,-0.002450606511907024,6.090381031016133,6.097143924779397,6.142579695092015,6.060076389287201,6.199364820501761,5.802298271796212,6.146968761812297,5.532532683864324,6.070736285933894,5.444739834816936,6.020668327632948,5.550056902602273,5.784558630017137,5.397112945262988,5.638564320948101,5.3296483628969495,5.560775534030189
1.0,10,17,2.7207289299817803,2.588016609405243,3.576439937498422,4.01070070401976,-0.01799109339346345,-0.0009940442681388875,0.01831153411922412,-0.009759588161149049,-0.009105748839214486,0.0055854895927422345,2.539340668930887,2.5295825885522984,2.539796038446609,2.552589445256254,2.6068995302869937,2.573646399473377,2.723798791961335,2.585871454385836,2.778293889247809,2.583934604908001,2.7630902291874997,2.727171151009701,2.808988679227805,2.8614257990218213,2.933300600520201,3.04444736922312,3.1002145700507118
1.0,10,18,2.8507931503595016,2.8529892507208494,2.932160447459093,2.9734281363657513,-0.0038665346315816733,0.011300739709137466,-0.0002381814491620765,0.00701663648089567,-0.010350781140406409,-0.0001208465078826744,2.832149828813755,2.825987833290855,2.829836686626403,2.8200273434782708,2.8307890422756037,2.8357146025892255,2.855737161981263,2.8483059449262984,2.875967163024221,2.8559040736888686,2.8815741459385844,2.868577261624421,2.8821383992396346,2.8609559804243707,2.8768017570825615,2.831067711791797,2.8519486193154
1.0,10,19,4.223437212013805,4.353749539385192,5.065558309625693,5.304203214743457,-0.00367723445171123,-0.021221299970733565,-0.027287837972632872,0.006857490352746618,-0.003509523822179781,-0.010222802816473295,4.8252037799599785,4.8694141861573215,4.871462597608707,4.891025997150155,4.903410438208151,4.63187905356522,4.713912371206748,4.309298728694272,4.438266777349006,4.036460692287893,4.224436981201893,3.9751704210852403,4.0369251451831,3.471184033284748,3.5288147560347602,2.9943470619113612,3.077219583346123
1.0,10,20,4.374189494640473,4.355307781765899,5.934800587348238,6.463041606907381,-0.0016786391203800928,0.019687643085329568,-0.03980638477658137,-0.014966386899033264,-0.009228864418952676,0.01461178866720329,3.5344784447414996,3.4590030590176317,3.481349906984067,3.4300272369265894,3.481824204023951,3.7798625677838587,3.8328163621290474,4.194955930984393,4.231479114192586,4.529648283672924,4.500509045572864,4.6997718977065315,4.713570746833722,5.337894815750918,5.348509092898931,5.916353093216863,5.889167606451669
1.0,10,21,2.9064012711107736,2.9327429105041976,3.744812634358689,3.987054222312255,0.0049320732752187015,0.013392212253365461,-0.01989956204131751,-0.011195358752705262,0.004478137167227105,0.0005827433093544656,2.5003994179117783,2.463102019980251,2.475007945679989,2.4560287731755808,2.493425584404192,2.6214433829261408,2.684513997215733,2.8070338222087066,2.87467557087334,2.9501272585997325,2.9861448568123605,3.0573509585408294,3.0860711515509234,3.347331585948864,3.373568966219059,3.6117963930816925,3.6207999237539763
1.0,10,22,1.2137706296742332,1.2141596019329608,1.4999177149986882,1.5991696612201254,0.009577299122683779,-0.0032754767021818997,0.004854523820399696,0.0015811908490510917,0.007777673890849254,0.008070082819444706,1.0703165105830308,1.0550128350869379,1.065363412857471,1.0416475134085268,1.0714105517262587,1.082984505688666,1.1362280777475244,1.1394738333296164,1.207707662657151,1.2004569235153624,1.2540955858069227,1.2572488244550815,1.2857690680181948,1.3747206816703064,1.4015820208815826,1.4858525020172078,1.504230195012126
1.0,10,23,8.728606256334755,8.70201998970042,9.607331859071417,9.834305237541518,-0.028272099762983505,-0.03922223546723433,0.01748375545571867,0.011877250932619366,-0.010206230195133375,-0.018598354065456287,8.446615118568454,8.402371451084356,8.441452351318436,8.372359541616442,8.493460166004624,8.444018263135495,8.705520718096857,8.51524110724809,8.88249358204483,8.61301318275226,8.96176490550657,8.787934706805292,8.946954633294512,8.95196238611639,9.112422000850389,9.080067876478262,9.228654366769597
1.0,10,24,3.919973979349831,4.1090050081493965,5.116276777979431,5.385442779757635,0.0017284837006989028,0.016246191853240978,0.03137394303229386,0.0051629757210145105,-0.0037171669658569496,-0.008931306215848627,4.568682451281108,4.623732128674416,4.613459477823261,4.664511018924037,4.648358432492381,4.401906300528038,4.431715181328977,4.064185493383387,4.113281926804656,3.746558817778821,3.8599324333174265,3.6656141678320577,3.6958138913199186,3.1166432747826476,3.1427187294545087,2.6116503179551094,2.6707936052663683
1.0,10,25,0.8025062165137963,0.7135249060079452,1.4226395213613088,1.6814631602736316,0.00019986274325912168,-0.005223154417803591,-0.01771627708629125,0.02048755650863287,0.01785168402072131,0.011360486835554285,0.8647371137338733,0.8862271308881589,0.8871150006874362,0.8985023693781022,0.8973313375694932,0.786099241346425,0.7969477085406141,0.7154267826886218,0.6825843523389491,0.7390265188437865,0.6766094282565779,0.6793577477471445,0.6412340098663881,0.8113182316985773,0.7528928759785121,1.0016785921438545,0.9255172390280227
1.0,10,26,4.456156826892174,4.518513541320971,4.795508293957397,5.2096403125581565,-0.016071871360068855,0.014922902377164666,0.011163586828447918,0.0044254562420405295,0.012496652670437772,0.006353711428612774,4.562456917774069,4.566858339572026,4.575807807935786,4.5750361487446405,4.609762475997448,4.512587323895302,4.61656972858566,4.419316993233453,4.5719098394692,4.330785482503799,4.501308375305749,4.3918110697839445,4.46366342751752,4.274218513208015,4.349508089208026,4.1727239137464585,4.260341610685875
1.0,10,27,2.089185006246553,2.1269953316963797,2.5051276322265097,2.6104563294389846,0.01291568493514201,0.011116111671485079,0.005947932132144098,-0.017836111297141834,0.0008362107741055723,-0.0055619195884912525,2.235084900997723,2.2409565294443805,2.2545170701198223,2.237492046730509,2.284216754284419,2.1386989706119293,2.262764453105155,2.0237281807559646,2.2083745221786586,1.957291978437547,2.1600141872952126,1.9881474932521601,2.0709516457185293,1.8696186326841617,1.9523666890932267,1.774040567653274,1.8578804838287284
1.0,10,28,8.016967355404987,8.117559835143268,8.955144194761758,9.576547695400746,-0.022337438612695635,0.029353237421559392,0.03017666145009726,0.01359220600295612,0.002552134168558746,0.013506251209526568,8.478585625518411,8.511290650306583,8.517117099209374,8.540503938671911,8.572334537750258,8.334696055846274,8.471881681828762,8.051203251567715,8.259348354917224,7.779478381129657,8.042025551320993,7.814089574102622,7.916359505026533,7.3836102953015255,7.4918140905930155,6.988854714121258,7.135251734672675
1.0,10,29,1.5432520395336229,1.6210534087669455,2.4923086294684422,2.724996804391798,0.00021036768683936738,0.003539480195944882,-0.01908467569085627,0.0039699130449884,0.0006038592842441709,-0.013026521168344645,1.1527418743045608,1.124592334183659,1.1240377602610565,1.1297120923089505,1.1294334172914546,1.304797902192471,1.2835447876917916,1.5062612291417046,1.4499100531262241,1.6452572032525627,1.558475158165954,1.7015652351467854,1.676798716845978,1.992845568966124,1.9657594268758134,2.265927313643003,2.223624598673496
1.0,10,30,1.5210925001754303,1.0375937118428773,3.0474052974464847,3.4757562385487613,-0.0008935581687113112,-0.0013915434004803766,0.03137336086393944,0.008942133285134095,0.00011445439091466015,0.0024878730980108297,1.4180109117512205,1.4628660323614064,1.444877804645741,1.522772156859225,1.4875923447633146,1.3865793992271247,1.3736253074776015,1.289819791432829,1.2521882728268048,1.3287573626418536,1.265696335403374,1.4036282822120443,1.3869286400341148,1.771793830032278,1.7423052871431395,2.1899715143525804,2.1311592298176594
1.0,10,31,1.266156212769842,1.2049752609414826,2.1116730095732548,2.3835264085962997,0.0007716515680549047,-0.0035415171330240207,-0.01889191850756017,-0.0015105187760692926,-0.007460982566525134,-0.012503155389231465,1.494240210586554,1.5229575300604168,1.5166080706477685,1.5516035540542255,1.5399476170854092,1.4293992216604945,1.4404535913873941,1.2753434796449972,1.2853237588778321,1.123696531946962,1.1552031480646219,1.1228572096693483,1.1298703299256687,0.975644203474443,0.9717266114752078,1.0039574876248334,0.9858230609011392
1.0,10,32,2.6201223072878843,2.707263254595678,4.031976077317436,4.46528023547676,0.008922503871874326,0.006828856562530887,-0.031183928843486974,-0.0012268463749512723,0.009957013858999235,0.010592237388963208,2.084022878263652,2.0502809207828903,2.0539312117052533,2.0729973933155663,2.098426463391558,2.266610506896958,2.326266025161333,2.4951000428827648,2.539130555221421,2.66238712717571,2.6638317223667607,2.7889128476328495,2.8045232878302238,3.2026914653286345,3.210104751707195,3.622116926224229,3.6007450980070352
1.0,10,33,2.6754527770704644,2.5761409738098533,3.3333050869158036,3.779737651922367,0.017904230496611183,0.0006791635829402542,-0.014748823301657013,-0.010836988273580607,0.003446049047503575,0.00379280034365163,2.619487517168152,2.618764675625872,2.627751524770352,2.640808397803137,2.688407664037508,2.611832329294572,2.756616381320433,2.557705689065128,2.7618917728370924,2.5010123844191563,2.713638863919571,2.630956000131144,2.7243048635402682,2.6651611231514742,2.7563994316751392,2.7618149708632704,2.8461436205756288
1.0,10,34,4.547637806331998,4.5127229801397535,5.049078383304879,5.237168904573113,0.022468166460866974,0.019198266603405328,-0.0023078254219576575,-0.012442058788608695,-0.0031910659701089783,0.0021723119481052468,4.555705269429422,4.545050485679298,4.570479325242007,4.533371194393043,4.618323452644615,4.475240611231321,4.680250635559427,4.402520787594206,4.700165271046576,4.379981413939084,4.684815800858352,4.4841001009594645,4.614048741153501,4.4587793191988565,4.588496114267368,4.4466625329376,4.571851651509835
1.0,10,35,2.54596982544999,2.549931187262354,2.679559230708822,2.725944921407031,-0.003527017995160752,-0.010086154913831052,0.004413672649521381,-0.005039577414106104,-0.00628066083725374,0.0031145283430343957,2.467456575387698,2.4571647934973386,2.460771170784424,2.452332164827553,2.464211152095211,2.492394403143706,2.513191387624578,2.5332545393888553,2.5594043665528177,2.5637575928371286,2.5835943084643835,2.5833063469556716,2.596105763565357,2.622159258565622,2.6369885813748923,2.6397279811805423,2.6556666464040593
1.0,10,36,0.9374525543938184,0.9788004937699126,1.1194614251982795,1.3078970124221174,-0.007016094091841756,0.004260425306241202,0.0047683097284633704,-0.011394290010915747,-0.004812411238654122,0.014377769399164624,0.9625498521325354,0.963220944453192,0.9710020487406197,0.9653878503876859,0.99324865872778,0.9298485703540988,1.0039155557460937,0.8846199680895608,0.9895542150906584,0.8513061383740439,0.9602647344823418,0.9017674705895586,0.9471842445618346,0.8815494320090727,0.9238707053566608,0.8836920294730268,0.9237110061261464
1.0,10,37,8.004785464288384,8.250986948131517,9.328454748069696,9.474847549656333,-0.020282113667184683,-0.036942589261522066,-0.032495328086380205,0.00029109946576669205,0.0003091727803269891,-0.0011761085542512093,8.828697134680203,8.882138288963507,8.892584091654493,8.892774097277371,8.933127097826638,8.52961562033134,8.686690143599984,8.088919769449681,8.341785915870183,7.7519657703954055,8.08606211098583,7.654417358677819,7.774921369269908,6.9562170264218794,7.080814770695842,6.268226589846819,6.432395736955622
1.0,10,38,10.260927076682876,10.247245659950714,10.830177359277211,11.13921493044093,0.021191610259029048,-0.046649761218322386,0.006910349728995662,0.015614382018035734,-0.01127780764891714,-0.0037980651178989512,9.99891604579591,9.954585440905394,9.98579104367731,9.921298110686116,10.014357789637875,10.02672981574233,10.213213508431485,10.127423283229772,10.383411455154162,10.214271860699592,10.452962714601401,10.369807681786055,10.488150491728103,10.486692945749443,10.611733498827693,10.527978213179583,10.658436403776683
1.0,10,39,3.258159117257817,3.215506814212782,3.7749330269155763,3.8832757611395756,-0.013140442867292056,-0.015609283156245794,-0.005694346211810326,0.014274852836845047,0.018373866754875203,-0.0033593922504014774,3.398876548490665,3.4009573535504702,3.4190563652645585,3.390039810643458,3.4475973236134916,3.2913087475377036,3.4344808494741046,3.177140197983793,3.3915621632094344,3.119713116730176,3.3499921292018247,3.1608703644788605,3.2548070066530035,3.043644229566864,3.137700401195146,2.937827981703068,3.0331304040862634
1.0,10,40,3.1742696197512816,3.594862659144291,4.863353320312272,5.152296469465131,0.03324957318417299,0.0006209266596416879,0.030607682478613656,-0.0009329864965349177,0.001310578260461443,0.0036547447264283456,2.97556363544862,2.961857130281137,3.0184456284849523,2.8814618006123345,3.028503706256722,2.708724502317663,3.0205004708746235,2.684540619230224,3.135969693192682,2.9186116357501892,3.3071348236610163,3.067611262593644,3.2256870895753984,3.481576618591424,3.6148591847944562,3.9294057017247015,4.002130032381998
1.0,10,41,8.087186574556855,8.050235960697766,9.08701675897832,9.44760111907592,0.05548146314409962,0.014857736155774185,-0.01234409473022309,0.009689978702758579,-0.003618325370843415,-0.004897501829012092,7.932525693154778,7.904505790717212,7.960803950221432,7.88987583811,8.084938490825747,7.797343185975106,8.272747490094073,7.682394423616571,8.36828937608364,7.666281146088156,8.355239182236916,7.975569163295723,8.270466303962833,8.093006504052484,8.383532636123,8.28948152278187,8.555171070126985
1.0,10,42,1.7037920376104982,1.684962858951554,2.2206879461076268,2.3086802755921685,0.015858085318215292,0.0005425458565243016,0.004862066924985268,0.0001398522186529246,0.003365831266054347,0.0042496589743614924,1.6476974766270192,1.6374541437297896,1.65958113458966,1.616751913407149,1.6821262026011177,1.5749467972851796,1.7196792778618872,1.5460625338308849,1.7597866566956148,1.578168959316405,1.7861066168968618,1.6647594319323358,1.752395082786602,1.7448544794830458,1.8294575554769865,1.8471886560461208,1.9174477208118121
1.0,10,43,4.310463320414527,4.427749223543335,5.576557897649602,5.86262194952136,-0.03380645047796493,0.011633887771041414,-0.01713947219456324,-0.014422991355594113,-0.0005841124385868244,0.0008398100331445426,3.9496890915182528,3.903948333737723,3.9538477729337522,3.8438892936341658,3.981565792737998,3.8826801992676443,4.151339095376855,3.9742690523480833,4.352762989002059,4.152912538929691,4.493191722958337,4.364899654795673,4.518020471509587,4.705431226641624,4.852571144056275,5.041390711891409,5.155467355707846
1.0,10,44,3.4978662378961327,3.444051733947357,4.526940616012004,4.596878067153708,-0.012103965954663952,0.014504242105271039,-0.023425375791674998,-0.0040694374877255895,-0.005848741349330007,-0.0004658727033933937,2.9547973527458167,2.900763088332316,2.920722798207177,2.861738279031104,2.9051505812678178,3.0859085294888717,3.125065589545703,3.3638860276088485,3.3972844918917264,3.6077703744756175,3.592887256496962,3.719755470000724,3.732852018068153,4.14126870564238,4.154339322865059,4.504776974423767,4.494759184142202
1.0,10,45,3.9150755752689657,3.912135038846868,4.5892877601394035,4.75497607629414,0.004867099933312991,-0.017591050478568196,0.01264111743677129,0.0006300236833469973,-0.018919462533119106,-0.01958591440397031,3.648650526812304,3.614128449183651,3.6343329974649876,3.577458348749235,3.621719909474,3.6818216921923996,3.744172699949338,3.8143011291869295,3.9029176629139686,3.9549440971362664,4.019908562118085,4.021068389272134,4.0570591054979985,4.222906088300283,4.262893088293532,4.373838406159952,4.404163626867345
1.0,10,46,0.961798489164571,0.9217896417967375,1.16188103094983,1.2008168473682506,-0.0002150122231341381,-0.003856607234672507,-0.001805021494663837,-0.0002798245653021798,0.0022555983951018073,0.009476496098482997,0.9977206829921814,1.0009661550896887,0.9984444754937016,1.007738235463718,1.0055716256508522,0.99957259736173,1.0017798956381174,0.9819667089198856,0.9821735522486009,0.9546321231153485,0.9589599958351869,0.9531641316246451,0.9558529134075231,0.9083434343148437,0.9111960412887427,0.862376322249923,0.8701154251030188
1.0,10,47,4.61240592292321,4.651679207559147,5.65943425923216,5.7885567031673535,-0.019392438856056755,-0.02045476303596147,-0.0190821011107414,0.002889166671687069,0.012449473786464455,-0.004313394382395105,5.077195762117228,5.1040610058339855,5.121499523997059,5.094535589289833,5.147967640403196,4.85294853545407,5.007744394127974,4.5779469957891195,4.826527182551739,4.408333786538953,4.7044959252171035,4.374930370723933,4.4873210128851975,4.01184655977473,4.128987949506129,3.6761981476060566,3.808360307878273
1.0,10,48,7.97683149129655,7.941311865097777,9.349570689456145,9.610885489834786,-0.043662899177215005,-0.029740285883034432,-0.014539233602813706,-0.005577288874952148,-0.004083886272547264,0.00038581122980917067,8.384819797529364,8.399627712115668,8.43744402097515,8.37576066193839,8.499197288088832,8.1028323276958,8.424033633331005,7.793163800768661,8.292171435224406,7.638204984231753,8.187097239730933,7.697092802268875,7.920307226619901,7.378305288815762,7.611896233184881,7.110281209249375,7.353899690272595
1.0,10,49,4.04638108608147,4.055347918551579,4.665584025792852,4.78872620630497,-0.005440999903863184,0.018314431175577458,-0.011798727784600853,-0.00862317959475543,0.004788755385204616,-0.015356420699261193,3.7450036002401967,3.7133850652637403,3.722333525064244,3.7024323583323215,3.731850020616946,3.8411279255457558,3.8857187601488827,3.990449267089649,4.036432844849649,4.097064594003825,4.119824965154807,4.178561999892052,4.2025991450439655,4.369096276451746,4.39458731939713,4.518990859026836,4.539019937263235
2.0,20,0,2.883725531632943,2.987807320962899,3.4181700098014094,3.5051793550607786,0.013602806651091082,0.003579781428852048,-0.005146713812821132,0.031765522142985246,-0.01244414890589436,0.04120596341048157,2.738671707429126,2.719979957249962,2.738113286095347,2.69558269882759,2.735260318996902,2.725559899795807,2.798634211383706,2.7762756829223387,2.8854082696580208,2.8578976846238073,2.9527022245523127,2.910902300250612,2.9524733149980666,3.04953025830321,3.091871052121758,3.181971063807247,3.2125001067442165
2.0,20,1,10.945071607565161,10.979331019089475,11.263806316233833,11.44201275095561,-0.007869042053145524,-0.044576283133686924,0.0024406537999491075,-0.021524904006375363,-0.015035116956270005,0.007940666000309822,10.952499448444335,10.93582188072716,10.947287537912292,10.921646328013072,10.96195318637571,10.950616202205191,11.038562262602296,10.956724142583552,11.081813530582512,10.951831204513859,11.079530667715806,10.9744236567077,11.038014669075313,10.869246977442975,10.943429021238908,10.683056156368721,10.779760456098334
2.0,20,2,4.575433974401345,4.460613995182463,6.0607850396894865,6.592412956634533,0.019393473424103393,-0.021717749737995933,0.034466941664383736,0.023150155160422677,0.028726035131265818,0.010588268142514443,3.74231695752415,3.6628222338228045,3.6916533055184075,3.613851711622012,3.6817624741689983,3.950843359879097,4.024440962798281,4.365932720186843,4.427425011132851,4.716170388239437,4.705966761096144,4.907742640449536,4.935284793395814,5.550756294963953,5.574421935537538,6.122249870964169,6.108736143522832
2.0,20,3,16.751942468147337,16.8234478876337,17.456352036644624,17.936840200190836,0.047592640284242496,-0.06565225026896146,-0.01109703197443627,-0.017340105126468525,0.0023845172225478418,-0.011428984383934747,16.740508121448585,16.71010747290768,16.747949096382925,16.682273564447094,16.803814927108583,16.675642352054837,16.95620806406175,16.622964459287427,17.026879023254992,16.574483115400547,16.98683727711755,16.75592186639958,16.94495968924078,16.629796675981947,16.833613787105644,16.42732257042925,16.663739895875537
2.0,20,4,14.993023639049225,15.009429471234817,15.517358366041517,15.953001534002384,-0.005800002840062369,0.065700297515781,-0.005924338506700174,0.008275846343804278,-0.004645386598484704,0.0015142657591366735,14.852239114394756,14.813513516674954,14.8408125410348,14.7825710290163,14.862152799905056,14.869915241597772,15.031427140914907,14.938325214336889,15.160930761253733,14.986123574242097,15.20046938109085,15.08388551747249,15.189637385135388,15.068501621084481,15.184384892975203,14.940325490574805,15.076186642132344
2.0,20,5,5.00341333355144,5.260987079485267,6.233354366063182,6.526770153657437,0.00021002176729955033,0.01564946213431982,0.0406769065871982,0.03294787995206659,0.006192401638183337,0.011790937720712043,5.851726053512247,5.925229826237294,5.909748151772405,5.97207697085729,5.933144685631187,5.6327974441174575,5.623784820055378,5.20689242861785,5.211819057231729,4.8150750434460114,4.901957236858469,4.675415691856362,4.684988274798542,3.9830968220184344,3.9899455306995275,3.3450877104892855,3.395240922174999
2.0,20,6,6.2174089016858884,6.027037123217488,7.672037547834942,8.668155540971913,-0.040172749859273334,-0.0030674769821590685,0.03282229416806846,0.017319372768343066,0.004232194655901004,0.01772787919135905,6.0918387609815605,6.088195648315779,6.1123846575608916,6.133591513154638,6.251960020171262,6.062343817806945,6.409651334304435,5.938067872395657,6.423858813333092,5.816560604623952,6.315539331628134,6.117540317206664,6.33485412448322,6.195598388832248,6.4037244957398585,6.405108098172694,6.595133529949064
2.0,20,7,9.544738357348443,9.470652207060379,10.847559311658454,11.084199389945242,0.017130989862238013,0.04189859247783709,0.01010054001939329,-0.007113966311420693,0.006716825138660473,-0.05861188751705552,9.827092470268203,9.84338160606798,9.84021896442763,9.87897559519354,9.905954349222117,9.790029395568189,9.90232562166661,9.630387628225664,9.773610164279646,9.43404425857581,9.611550090368738,9.452343943529305,9.53252195930141,9.09882611937783,9.180455093589329,8.721835881274266,8.836998933987243
2.0,20,8,27.60656906405136,27.887783556409808,29.593229070259262,30.234318542069737,0.013365233517684328,-0.12735363254397275,-0.06016022199372993,0.009035372018819684,0.009550586745335906,-0.02324857560279861,28.926867726323408,28.986687252152304,29.02192596309934,29.001890387776363,29.137056057178594,28.47696398035418,28.897137828067642,27.75844605340864,28.389433907760896,27.131445355550078,27.897471354212733,27.117067518744438,27.422450453037584,25.80402805610276,26.1249646015488,24.394483078812954,24.82335451474241
2.0,20,9,13.103188046242309,13.108433378954418,14.048384700683492,14.26094234648025,-0.02485705048192406,0.047840905569709435,-0.016895838949609117,0.0448584062480597,-3.8397063526922985e-05,0.008160723537625337,12.664669404555859,12.604945155678053,12.630758089911975,12.551041662242774,12.608296675514044,12.768203245170353,12.837742381887043,13.015657856482981,13.108290894979818,13.23073584213739,13.283372459651643,13.32225715196193,13.36509616831002,13.590903336918753,13.6479362079679,13.731162032413724,13.793128220334975
2.0,20,10,8.236555632766855,8.311519576902493,9.714404385985222,10.880516309257029,0.056439563690007126,0.0045737091739367014,-0.0349884054012019,-0.002194549033885802,-0.0007122147238018187,-0.027294833044031307,7.990606875448587,7.969845326155194,8.014207683097187,8.005231824861369,8.192266385419005,7.940612896535036,8.440737076525735,7.824550473586379,8.521119705690827,7.735161876017531,8.433941178727968,8.140286338999768,8.444897791188817,8.303303100253018,8.59425341401846,8.604208714333629,8.866215096178047
2.0,20,11,6.317072000564107,6.291233138223292,7.4483268228463295,7.80599242618846,-0.008930223954188785,-0.025907391445053028,0.03226617265854201,0.0006922374837051124,-0.005655914982951401,-0.0021236386124515254,5.652511770009423,5.587875807590118,5.608246387727744,5.565632373451252,5.623430628133797,5.849432588120532,5.934151290809646,6.170138322613995,6.258819481283286,6.423101695115796,6.457084711722666,6.580769865375459,6.6181403905283585,7.050027366919089,7.086899044593904,7.455430052683887,7.46853223291085
2.0,20,12,4.567998154326876,4.629856730197243,6.076227849290561,6.485823319401119,0.007788427709765979,0.02153087731528089,-0.03489653992546231,-0.02083175265242544,0.022093584308050602,-0.008246737444094612,3.844424214722786,3.77922142606209,3.7972880702101786,3.7685608806843005,3.826205220449788,4.070269467637194,4.161206012371752,4.408973498572253,4.49766523482361,4.665160717714873,4.697617866668964,4.842909775892572,4.881229948691829,5.35885652521114,5.3933844952604515,5.829056467906973,5.833938800676148
2.0,20,13,7.140006719157104,7.307616469345333,7.902330856495744,8.786783454747066,-0.04945711899332366,0.015491986081863815,0.01617465753919574,-0.03061430514513413,0.004589634309272126,0.014711661848567472,7.01173910996625,6.989882282125255,7.039418910750628,6.989520041976724,7.165514345119157,6.901123556691992,7.341974099431443,6.7751100281993395,7.403800411555513,6.706617129828551,7.343363065805231,7.040210204193209,7.3139519757299984,7.123015588687244,7.390131839089801,7.297829938531265,7.546911697989176
2.0,20,14,6.765928147227072,6.973546108954436,8.888404716142322,9.473900000348898,0.013068552514266066,0.022060315406550852,-0.049018238691389576,0.006620803099923912,-0.006052395189408932,-0.009655803174492897,5.812237505697086,5.734934250264132,5.747499026338517,5.740645583373947,5.790710493951352,6.143712061863472,6.218598612872372,6.593141321576583,6.639837903435737,6.91342000557922,6.882324215676458,7.130585534383303,7.147871474751826,7.816604705954933,7.826824019760872,8.454981714995629,8.426850072384793
2.0,20,15,12.047997431468518,12.471770440459656,14.354321430358667,14.540526201128223,0.03038812341215998,0.05163642150418663,0.06263533090393338,0.0262961574301181,-0.0021946836326036737,0.007054403260526861,13.565620382906271,13.672175807749959,13.678577590921433,13.698059321077288,13.72503508433752,13.048750377516317,13.224571127431654,12.265607696810612,12.571011524291317,11.652864139181098,12.104624394251793,11.426142345424916,11.575208057725881,10.16998592802365,10.325869963147834,8.941971087218894,9.169881506948348
2.0,20,16,3.521516765634273,3.42401245701089,4.211021472357646,4.350312644527922,0.026767167784466753,0.004229908392180735,0.004564531245506034,0.01647506263752364,-0.0011856529205186443,-0.01458573872747323,3.604115370930127,3.6033600593746407,3.6288894298020193,3.5880607951422854,3.6719320027187314,3.4715442827707546,3.680290365131967,3.34572187467363,3.664716713629975,3.304809198242964,3.6408520952461476,3.398492980322339,3.538162596576385,3.3574909120579464,3.500600485099017,3.364903014222518,3.5018428398411836
2.0,20,17,5.863697151205697,5.874764167391742,6.062683932038005,6.391134547422506,-0.014467839319341909,0.022127646508029508,0.00010448557382039894,0.006804199537366757,0.013401584844043798,-0.007496829257952193,5.777703395938922,5.762258329481507,5.771874394948007,5.7553677732507955,5.787533744880302,5.797606020898251,5.867924816320351,5.829990403981176,5.9259143620917465,5.84432003887302,5.937491756601649,5.904263021661517,5.951862953547625,5.920755160229723,5.973917151759051,5.906126438937233,5.9679418070959915
2.0,20,18,6.982221777733624,6.942362107698881,8.967428591206094,9.499018109930182,0.026398040835001895,0.013224101554352479,-0.0431031080266404,0.028846095823724886,-0.010014894875138323,-0.03310190686370368,6.297563869957168,6.250552471268205,6.256971162519467,6.288158992292998,6.344642508240233,6.54747315856549,6.68389529738827,6.819936324994541,6.950959930145658,6.981864532725672,7.053007077614448,7.206323148046606,7.25945632600621,7.683604013403398,7.723147148960755,8.170332067413085,8.179882191929416
2.0,20,19,9.096337687315446,9.150283120664373,9.779498394900335,10.038429206796284,-0.036478907119072805,-0.035641199730782516,0.0018211923845322937,-0.005477010110924744,-0.006736639352811858,0.01239403930964958,9.196145229820003,9.187577407397459,9.215241300755764,9.176892751998212,9.278304880368546,9.087393734822799,9.341068968589711,8.965518409097918,9.33580903275076,8.90110734389242,9.288142421571125,8.997756620216695,9.16487950802916,8.858870197877815,9.03120523155568,8.715556135591669,8.896271510026843
2.0,20,20,3.5461593724809317,3.5307247927794014,4.2889520347264085,4.3495593109804345,0.011863888198435285,0.011032151873319854,0.014305711897509543,0.012322693360044766,-0.04215906683554886,-0.007288765045289224,3.8574545059353516,3.87637542358227,3.886254136443385,3.8672220950699723,3.896185518388741,3.707325582684304,3.790712765942254,3.5297965252076096,3.6686664824783577,3.4253024404077124,3.5927934224249234,3.3922170554295956,3.4541099294540483,3.1587880896041884,3.223812217155262,2.941518062341404,3.016175079626467
2.0,20,21,10.187083279461776,9.909903642893363,11.891541838355291,12.36877536711891,-0.07610368802091845,0.001258728901299331,-0.00016172123893654246,0.020910645495793606,0.023752687854422416,0.004055500965047347,9.930870557230712,9.884697023501362,9.973619892822347,9.833585620983811,10.118390673623805,9.699464905091554,10.36225414658129,9.563152950183502,10.527520796081065,9.600731776197366,10.558655641005629,10.046994975992781,10.455119959800264,10.29322204818763,10.694499796534032,10.638993173213688,10.998641813819345
2.0,20,22,4.744860298752318,4.739489545111519,5.6024357569297045,5.829147989860584,-0.01746589649880416,0.016935317633123788,-0.018427801901317157,-2.785302886697798e-05,0.019722726339215357,-0.011155426919788472,4.292703468906955,4.243943399788252,4.266088020489979,4.2048653790219435,4.260431531515202,4.382728605512211,4.458713463540067,4.602847563080937,4.695235624724196,4.80664844708182,4.85867032668168,4.922458667675166,4.96238237384721,5.264957004382753,5.3073043043206125,5.553576375529831,5.579070522690597
2.0,20,23,7.528025118491032,7.561825779582037,8.588614219413664,8.922032685050514,0.028123489935538468,0.023645768482393425,-0.033328521760064865,0.019477882564348018,0.013971326907430102,0.002038517747453149,6.937262435265811,6.881258149206746,6.905054546708578,6.873941132983531,6.956134072780349,7.094328583776892,7.261146041907372,7.335819196847752,7.541598319928906,7.530209486586156,7.686973361800422,7.721627262382196,7.806449829621395,8.134876693686609,8.215942640890187,8.518993460769725,8.574811799204902
2.0,20,24,6.328468612066084,6.469011797882127,7.291617255775935,7.480710161204955,-0.02661010861554266,-0.029991947954190513,-0.018767964463429918,0.010851889265839201,-0.01911250334802796,0.0087502449723974,6.851539429700599,6.881794565589752,6.897327045397611,6.885787177253717,6.945819701556741,6.630587192171156,6.817197526068215,6.3201790409911,6.60792970904186,6.097615946952925,6.442529254820295,6.073998224550768,6.2095920278284025,5.620858128346681,5.761889370832788,5.1868400363422635,5.35248202767854
2.0,20,25,4.6947403415577,4.49906181052646,5.561612894338326,5.8466164083034595,-0.04334544496754296,-0.007123337396683959,0.003827428669470246,0.04890260290117834,-0.02754631311040735,0.029440291329802668,4.680259781963682,4.668496803885524,4.713253093414478,4.652272828187531,4.798113024584864,4.522532615884548,4.884682706166667,4.379270419326092,4.914029697115976,4.338561405961462,4.885293338501069,4.555090122450606,4.785187789408937,4.591696288135314,4.821360628468133,4.702936916365852,4.917548346660175
2.0,20,26,3.2213167606810664,3.4126609884876036,3.77900717620355,3.847379002734028,0.005230486966428883,0.014352607522237494,0.004131121502978494,0.008894536363904661,-0.003073702087240355,0.029081003629149164,3.3520656911134505,3.352112027407699,3.3670390626727116,3.328831603322788,3.3606153297879313,3.2572843377499203,3.3248897991205015,3.1844742963429415,3.298727744913594,3.167356582699312,3.291808724236968,3.157351714700439,3.20444334597473,3.060200480437591,3.111390210086886,2.943798261647491,2.9999957193631723
2.0,20,27,8.96035871302666,8.933825038940137,9.882029603330194,10.19336586760093,-0.01593384881413461,0.03952244237887452,-0.02249265567862271,-0.001205036928025739,-0.021439251045804384,0.0091004744069504,8.40705888064556,8.34041825926573,8.370684965309028,8.290944877346416,8.367047884582819,8.532189613753923,8.643188678759135,8.80923341225407,8.948288450786812,9.049615653382775,9.140252509003341,9.200521957020934,9.261546173164477,9.574411730006853,9.639960316881298,9.848856211915251,9.901878547374798
2.0,20,28,6.728796023643083,6.584498634930447,7.681656715025986,8.021615730793762,0.05044441210880354,-0.002700240069277402,-0.006872607384945507,-0.022292339261358537,-0.004585853071046162,-0.031855885194430555,6.668316631873959,6.649222468100616,6.702444088021442,6.629789071260128,6.805093175307456,6.5033039606815475,6.9324444864430586,6.356190599206172,6.986864695497437,6.314540351944949,6.956147844812845,6.594494035738034,6.866188555050705,6.655378773043205,6.926738186002106,6.79361229313034,7.0487631858184185
2.0,20,29,6.619066992343438,6.667301971010197,8.218319363102232,9.133966871022773,-0.031865453074441205,0.007916326404368177,0.04604224635569279,0.05618421722459006,-0.011731701701418015,0.0287060031329088,7.14221254515864,7.1991040847165175,7.193577045355798,7.268175233835571,7.277584904907718,6.994544530557259,7.130685912256858,6.6206519748725805,6.835653637623143,6.243776279097909,6.533605112119095,6.323723462647283,6.434650259013745,5.8931526644459185,6.014042785277375,5.630103109183203,5.788895328769832
2.0,20,30,1.4446763616520093,1.4125354743833507,2.184748141416103,2.255791481424547,0.008508566685823412,-0.005279538843235096,0.015100395016962045,0.0012383296735991836,0.0022079145122443707,-0.008166663256533384,1.1415105584437524,1.1129380311650328,1.1276847310990683,1.083065000688176,1.110330690110088,1.1856197921768583,1.2117981681122731,1.337085367829392,1.3626809843706016,1.4947446074621669,1.4897661175552528,1.5546725634034326,1.563219880172209,1.82564263331217,1.8328347745102307,2.0686769908601956,2.057227256813257
2.0,20,31,13.57730832309939,13.55566209946395,14.61122180538453,14.904755840475206,-0.04880323373485549,-0.053882684401549204,0.02280254807012694,-0.005534001801714268,-0.011921777993123333,0.00017011253446307133,13.265582103094173,13.214074424418683,13.261214887410189,13.187100851693891,13.34875612683506,13.257122352094305,13.622818078296325,13.311402563694083,13.82398580571967,13.395718237318718,13.889384639841593,13.625924450512706,13.851540485389796,13.77305006950058,14.002244916910042,13.88173946886148,14.102582031098343
2.0,20,32,4.157032077523225,4.21934408429372,4.92575350655125,5.370432997322319,0.027748370287347987,0.006295889315380229,-0.022900637436695338,0.024525859112978995,0.03158371005963264,0.009891133106457067,3.7918384907849116,3.760458363755575,3.7815488971338054,3.7661860686905793,3.844403544970846,3.8625744122649164,4.046059949354277,3.9677157785591786,4.204637345566882,4.06069680891307,4.267215637988254,4.230805416134659,4.327738206092307,4.502994768580886,4.592507299716673,4.7979393959377985,4.864224933450225
2.0,20,33,9.8429352013436,10.0588851878938,11.675702710484689,11.856215975607647,0.03398726815896706,0.04335258224491858,0.03944790789159186,0.012281983542252474,0.011966940941497656,0.010393211466930053,10.85470150638197,10.918012677112209,10.936850232164703,10.91775879094486,10.977961257165598,10.455979341752387,10.666891993202793,9.90860481968172,10.256674318874792,9.518228844545842,9.967275069095082,9.395879682107015,9.559248559915424,8.560141233874488,8.733160888953432,7.741192669706829,7.961336537362051
2.0,20,34,6.644315861215004,6.854267631367351,8.990139154436772,9.564125322888628,-0.03830431085404777,0.02445985246433692,-0.0473268356813954,-0.0158919891025011,0.02607130135616175,0.01680440325388395,5.710368618780614,5.60755587306924,5.677612545538943,5.486876383042797,5.648970238626017,5.764697692124525,6.0041915651968365,6.183118498364432,6.499864822689655,6.676388912369256,6.8958196336402695,6.95104145109363,7.072467322673635,7.7805883432289935,7.897333172561455,8.520374745192234,8.576099822462528
2.0,20,35,8.148040848268687,7.875818483029249,9.976909806412964,11.269838931420761,0.05191999488710143,-0.009483224977339244,-0.040221072165138275,-0.004808743941406857,0.002040625944811484,0.0015797743268001938,8.084649150111282,8.086199220479976,8.114511168316248,8.143758952888373,8.284695089902323,8.02761315343799,8.449382760710332,7.831975331523937,8.426078218672865,7.634138242519849,8.256585405445533,7.994873208032498,8.2659743052723,8.00637919290796,8.270922297367944,8.193449392901979,8.445509330076314
2.0,20,36,5.9203844724795225,6.031845918553108,7.087990752348377,7.364888504644587,0.03957291403978015,-0.012610716812778743,0.012288321226960334,-0.019772542988692122,0.00900634556087626,6.21710037127349e-05,5.544677080390156,5.4976002815712555,5.540984135094657,5.444281700883177,5.566394657964922,5.518168872225238,5.753966656666128,5.634987480795771,5.9657769959048315,5.80874390773926,6.100697283673585,6.002105026219585,6.138083535355248,6.32081087880996,6.456132678782768,6.620455131822734,6.732669728252609
2.0,20,37,4.363970732555391,4.331660974030357,5.196386148173678,5.345995036340366,-0.02617342305686976,-0.008231997685658713,-0.006428946358018181,-0.005403102586741924,0.03542682484535367,-0.001968920046157593,4.42197852543746,4.415508990327107,4.448320779755868,4.388989422962718,4.490060134248887,4.271810340197723,4.509710034967731,4.152072680683514,4.513299981062852,4.134300467142832,4.5061934638637915,4.2460121202451875,4.399459873011965,4.234051228701728,4.388033364720746,4.262781347211613,4.404919698899915
2.0,20,38,16.582010489952182,16.74025308983353,18.03674003785548,18.365439525109515,-0.00851358031080279,-0.07321485021880998,-0.031213724975163427,-0.005261468489127057,-0.013717053523532856,0.02763415186755594,17.339307921927485,17.379634566452655,17.38442153127173,17.408156340973953,17.455562428407198,17.135390464550248,17.3195004241134,16.743375963953866,17.014548526627426,16.367626204904383,16.71680669724114,16.320936141922314,16.463888962612426,15.538362649770285,15.692431046094256,14.695428847830785,14.918799610533517
2.0,20,39,10.05486776474754,10.149537032362456,10.382659726690893,10.799522550102667,-0.00575741448315782,0.04497518875798042,0.002153898055834253,0.0007445567284315327,-0.001775928954250019,7.592503242918265e-05,10.078990968342234,10.06307587791307,10.080259612332092,10.049425849739118,10.103494125399571,10.055484776007336,10.178703419119815,10.034798767039234,10.207860742521902,10.007270201343827,10.186633819972354,10.065534188622644,10.1488046373935,9.955701599485106,10.045612661213093,9.78077252857561,9.890328225687693
2.0,20,40,21.020114913349072,21.177970382910523,24.01085634683966,25.478327542250124,0.05999726394009205,-0.08096968909277454,-0.06986712673947186,-0.010863416621122278,0.0002905576387513777,0.013802088495280248,21.974285335371395,22.039749239345365,22.050104873623404,22.127206139144434,22.223379323604796,21.71253951642553,22.09488775365451,21.088753146414135,21.641596370567616,20.437568580261175,21.111978385669204,20.60323377938268,20.8832122378544,19.61843082885995,19.910988000966448,18.71901385635164,19.1050261594376
2.0,20,41,3.2160342409344587,3.103567700409915,4.66934644952771,5.050946452352826,0.01651385850922773,-0.013412712634194478,0.03557133533750368,0.020603908063054618,0.0036811566254313106,0.019253151449736824,2.466125950530517,2.4016020168596213,2.428056875396019,2.350154278517188,2.4013333388392266,2.621994665155173,2.6626663553596313,3.000924104101394,3.0179005283704465,3.347118356834331,3.295116650451972,3.49870855664439,3.506334209651036,4.13583258611703,4.1387613057341515,4.718679990822867,4.681272326500805
2.0,20,42,4.994475712456,4.948736114992416,6.1603277608389115,6.454550181826274,0.009517115073715885,-0.019599455022849648,0.024358402832818513,0.002212262451573554,2.6796935089738584e-05,0.029459071443791486,4.389776230992096,4.333474435295167,4.343133302045807,4.313219613643169,4.341226154064689,4.5927986611619325,4.605767752167529,4.910142563990282,4.894990255103174,5.144165695883126,5.07858501133842,5.2617255272449945,5.259573874287684,5.685167728352107,5.684383724609886,6.04264330988062,6.025313271691326
2.0,20,43,13.536958216369557,13.731756034420675,16.950467486730155,17.428935262931596,-0.0855515763767724,-0.049486513045376074,-0.04143657478657138,-0.0072652129513761125,-0.005092163395320603,-0.03014651295546095,14.458449682542806,14.497574921908987,14.584949027330756,14.423950573635992,14.686596961022486,13.769868260304113,14.444256193937926,13.06763714646455,14.144112991153504,12.770250038737426,13.959831365216505,12.865412207682247,13.341839958933047,12.24947962339969,12.751752797799007,11.80271182615278,12.30961610206064
2.0,20,44,8.976031562815745,8.816167061955257,13.122208553051717,14.466688930908047,-0.0343885026325852,-0.030049043257261716,0.08578028304911321,0.03603483895494293,-0.008234988353692987,-0.007271665806135978,7.617518063649688,7.532756571303406,7.551025920860894,7.612280283884925,7.733102995808346,8.057234615442828,8.372887247027773,8.551860062196145,8.894658564821393,8.892129253782352,9.134562420080789,9.355102562632592,9.500285760794855,10.371825269329648,10.489074518304903,11.44289862612638,11.483333831820744
2.0,20,45,15.7044893938142,15.656877760998901,17.137791729638693,17.4531002895469,-0.04011478705603078,-0.06660631653644171,-0.004079888166346941,-0.019957039664880515,-0.0016970106332401954,-0.03200411698086955,15.981917166578196,15.968740421068372,16.01574531017125,15.920354907215536,16.059549806113246,15.759658925114955,16.084323699423027,15.562531711728688,16.05835636153257,15.486280838855807,16.011716073225422,15.547474339792835,15.768119887517079,15.24772545543613,15.482887756173191,14.881427651150725,15.13950938374439
2.0,20,46,3.297684711042817,3.4028952414008504,3.6818767925486626,4.203419798350083,-0.026597926227228532,0.005188064341419594,0.012783126467467675,0.008349439174840292,-0.026409779683140747,0.017093714602711235,3.3281936065797497,3.327608032009065,3.348724536578466,3.3344052305972185,3.4107721199586645,3.2504294463673733,3.458147123497599,3.137879838446401,3.4415576033884516,3.056439273749722,3.375172857928395,3.2066763218615866,3.3414986948595433,3.177095713448079,3.3121940949724418,3.2101235665795342,3.343722026905597
2.0,20,47,5.02654810813118,5.09059959427993,5.575945996560487,5.807621450184322,-0.027932657637344416,0.022090908614405227,-0.0003713598700848122,-0.02752774998155896,-0.0063239540916237595,0.007307274841275352,4.851581980538122,4.822993389238841,4.856979812823548,4.8004977621511,4.905691858617786,4.812838149901648,5.0468581847027485,4.821027914927442,5.149829825762847,4.855193260457931,5.175355452731647,5.041195485865672,5.18532741649209,5.154096444709812,5.2972720160104645,5.269853803492944,5.40472507980541
2.0,20,48,2.8106733935473645,2.790071484317774,4.43246686378089,4.623225548098215,0.02139652818004303,-0.004921406031738408,0.05346917010706879,0.02015021541973118,-0.005133082327995057,0.01500243624273889,2.358706668536236,2.3715406264834504,2.3889171686068913,2.340733389836528,2.3432882481793547,2.2486395001409574,2.2451388188402333,2.4105355389551186,2.3676432697841454,2.7591347868814227,2.6670758362270264,2.8087846091570166,2.7897062041454572,3.5598432556929542,3.5281436745298254,4.345176967602956,4.24843912670562
2.0,20,49,16.946228424498077,17.23222793783399,18.29024414947013,19.431294368931198,0.06750212674030011,0.06843382243662084,-0.04286528226890111,-0.018530662223143014,0.02969837573467702,-0.021165621016752744,16.30281415107082,16.222940426494663,16.284693020467632,16.209718532031175,16.43437662621335,16.384943270311744,16.901397238961067,16.54305411148937,17.23885564753006,16.692641684517444,17.347324078772356,17.083377648571226,17.387461040071024,17.452083028303953,17.750100546567747,17.78967566351815,18.06042650157552
